algorithm,compound,ThreeTen_Helix,A_Helix,Pi_Helix,Bend,B_Bridge,B_Strand,Turn,3-Helical Turn,Alpha-Helix,B_Strand,Beta-Turn,Irregular Beta Strand,Left-handed Turn,Other Tight Turn,Unclassified,3-10 helix,Alpha-helix,Beta-bulge,Beta-cap,Beta-strand,Ext. beta-strand,Gamma-turn,Hairpin,Helix-cap,Left turn 2,Left-handed helix,Pi-helix,Polyproline-helix,Schellman turn,Turn 1,Turn 2,Turn 8,Turn-cap,Unclassified,RMSD,SASA_polar,SASA_nonpolar,Rgyr,NOE_repl_merged,Hbond_native_bb,Hbond_bb,Hbond_native_bb_0.25_120,Hbond_bb_0.25_120,Energy,Jvalue
45A4,1aey,3,0,0,8,5,23,6,3,7,24,1,5,0,1,14,1,3,4,15,5,4,0,0,4,0,0,0,1,1,1,1,0,1,14,0,22.22712596,7.275592836,1.040469162,,29,29,33,33,2.970970846,
45A4,1aey,3,0,0,8,5,23,6,3,7,24,1,5,0,1,14,1,3,4,15,5,4,0,0,4,0,0,0,1,1,1,1,0,1,14,0,22.22712596,7.275592836,1.040469162,,29,29,33,33,2.970970846,
45A4,1aey,3,0,0,8,5,23,6,3,7,24,1,5,0,1,14,1,3,4,15,5,4,0,0,4,0,0,0,1,1,1,1,0,1,14,0,22.22712596,7.275592836,1.040469162,,29,29,33,33,2.970970846,
45A4,1afi,0,21,0,5,1,19,12,12,14,17,0,3,0,2,21,6,13,3,1,8,8,0,0,0,0,0,1,0,2,3,0,0,3,21,0,25.3774169,6.901848248,1.107827568,,27,27,42,42,5.480964834,
45A4,1afi,0,21,0,5,1,19,12,12,14,17,0,3,0,2,21,6,13,3,1,8,8,0,0,0,0,0,1,0,2,3,0,0,3,21,0,25.3774169,6.901848248,1.107827568,,27,27,42,42,5.480964834,
45A4,1afi,0,21,0,5,1,19,12,12,14,17,0,3,0,2,21,6,13,3,1,8,8,0,0,0,0,0,1,0,2,3,0,0,3,21,0,25.3774169,6.901848248,1.107827568,,27,27,42,42,5.480964834,
45A4,1aki,17,39,0,11,6,8,26,20,47,13,6,3,4,17,16,6,37,1,6,6,1,1,4,8,2,2,2,2,12,9,5,1,5,16,0,42.16406845,8.261903432,1.417955831,0,63,63,68,68,3.574146293,1.2
45A4,1aki,17,39,0,11,6,8,26,20,47,13,6,3,4,17,16,6,37,1,6,6,1,1,4,8,2,2,2,2,12,9,5,1,5,16,0,42.16406845,8.261903432,1.417955831,,63,63,68,68,3.574146293,
45A4,1aki,17,39,0,11,6,8,26,20,47,13,6,3,4,17,16,6,37,1,6,6,1,1,4,8,2,2,2,2,12,9,5,1,5,16,0,42.16406845,8.261903432,1.417955831,,63,63,68,68,3.574146293,
45A4,1amm,11,5,0,32,14,56,14,13,15,64,4,13,4,9,49,7,4,10,22,31,11,0,1,11,0,4,0,3,8,1,4,0,5,49,0,49.15392562,14.16737572,1.669156288,,85,85,86,86,4.157523405,
45A4,1amm,11,5,0,32,14,56,14,13,15,64,4,13,4,9,49,7,4,10,22,31,11,0,1,11,0,4,0,3,8,1,4,0,5,49,0,49.15392562,14.16737572,1.669156288,,85,85,86,86,4.157523405,
45A4,1amm,11,5,0,32,14,56,14,13,15,64,4,13,4,9,49,7,4,10,22,31,11,0,1,11,0,4,0,3,8,1,4,0,5,49,0,49.15392562,14.16737572,1.669156288,,85,85,86,86,4.157523405,
45A4,1bta,3,37,0,8,0,16,13,8,38,9,0,3,0,9,19,4,33,2,4,3,2,4,0,4,0,0,1,1,5,2,0,0,2,19,0,33.73436686,7.740887909,1.198383989,,32,32,52,52,5.580756568,3.3
45A4,1bta,3,37,0,8,0,16,13,8,38,9,0,3,0,9,19,4,33,2,4,3,2,4,0,4,0,0,1,1,5,2,0,0,2,19,0,33.73436686,7.740887909,1.198383989,,32,32,52,52,5.580756568,
45A4,1bta,3,37,0,8,0,16,13,8,38,9,0,3,0,9,19,4,33,2,4,3,2,4,0,4,0,0,1,1,5,2,0,0,2,19,0,33.73436686,7.740887909,1.198383989,,32,32,52,52,5.580756568,
45A4,1d3z,6,12,0,3,2,23,12,9,16,28,1,4,1,8,6,3,11,1,5,21,2,0,2,5,0,1,0,3,6,5,1,0,1,6,0,33.79849483,5.66317722,1.213621563,0,40,40,42,42,-0.303784288,0.9
45A4,1d3z,6,12,0,3,2,23,12,9,16,28,1,4,1,8,6,3,11,1,5,21,2,0,2,5,0,1,0,3,6,5,1,0,1,6,0,33.79849483,5.66317722,1.213621563,,40,40,42,42,-0.303784288,
45A4,1d3z,6,12,0,3,2,23,12,9,16,28,1,4,1,8,6,3,11,1,5,21,2,0,2,5,0,1,0,3,6,5,1,0,1,6,0,33.79849483,5.66317722,1.213621563,,40,40,42,42,-0.303784288,
45A4,1e8l,3,38,0,19,2,6,31,20,43,8,3,2,1,11,38,9,33,0,7,1,0,0,1,10,0,1,0,2,10,6,3,0,5,38,0,45.03565424,9.120471609,1.423876507,0,42,42,54,54,4.981190719,1.9
45A4,1e8l,3,38,0,19,2,6,31,20,43,8,3,2,1,11,38,9,33,0,7,1,0,0,1,10,0,1,0,2,10,6,3,0,5,38,0,45.03565424,9.120471609,1.423876507,,42,42,54,54,4.981190719,
45A4,1e8l,3,38,0,19,2,6,31,20,43,8,3,2,1,11,38,9,33,0,7,1,0,0,1,10,0,1,0,2,10,6,3,0,5,38,0,45.03565424,9.120471609,1.423876507,,42,42,54,54,4.981190719,
45A4,1ew4,0,33,0,8,1,33,14,7,35,32,0,4,2,10,13,4,31,3,6,26,0,0,2,4,0,2,0,1,8,3,0,0,0,13,0,42.58169185,6.585377533,1.334248376,,61,61,62,62,2.710244042,
45A4,1ew4,0,33,0,8,1,33,14,7,35,32,0,4,2,10,13,4,31,3,6,26,0,0,2,4,0,2,0,1,8,3,0,0,0,13,0,42.58169185,6.585377533,1.334248376,,61,61,62,62,2.710244042,
45A4,1ew4,0,33,0,8,1,33,14,7,35,32,0,4,2,10,13,4,31,3,6,26,0,0,2,4,0,2,0,1,8,3,0,0,0,13,0,42.58169185,6.585377533,1.334248376,,61,61,62,62,2.710244042,
45A4,1faz,12,70,0,5,0,0,14,23,67,3,0,1,1,6,18,11,65,0,2,0,1,2,0,2,1,0,0,1,4,6,0,0,6,18,0,37.83088668,15.11311595,1.437752545,,74,74,81,81,3.793370667,
45A4,1faz,12,70,0,5,0,0,14,23,67,3,0,1,1,6,18,11,65,0,2,0,1,2,0,2,1,0,0,1,4,6,0,0,6,18,0,37.83088668,15.11311595,1.437752545,,74,74,81,81,3.793370667,
45A4,1faz,12,70,0,5,0,0,14,23,67,3,0,1,1,6,18,11,65,0,2,0,1,2,0,2,1,0,0,1,4,6,0,0,6,18,0,37.83088668,15.11311595,1.437752545,,74,74,81,81,3.793370667,
45A4,1fl0,11,4,0,18,4,57,27,20,11,60,6,16,2,12,34,10,4,4,34,22,4,2,4,7,0,2,0,12,6,7,4,2,3,34,0,51.8950334,10.31708898,1.526323803,,71,71,73,73,4.407063612,
45A4,1fl0,11,4,0,18,4,57,27,20,11,60,6,16,2,12,34,10,4,4,34,22,4,2,4,7,0,2,0,12,6,7,4,2,3,34,0,51.8950334,10.31708898,1.526323803,,71,71,73,73,4.407063612,
45A4,1fl0,11,4,0,18,4,57,27,20,11,60,6,16,2,12,34,10,4,4,34,22,4,2,4,7,0,2,0,12,6,7,4,2,3,34,0,51.8950334,10.31708898,1.526323803,,71,71,73,73,4.407063612,
45A4,1it5,14,70,0,4,0,0,13,23,66,3,0,1,1,6,19,12,64,0,2,0,1,2,0,2,1,0,0,1,4,6,0,0,5,19,0,37.57265325,15.31454898,1.439514783,,72,72,80,80,3.559284722,
45A4,1it5,14,70,0,4,0,0,13,23,66,3,0,1,1,6,19,12,64,0,2,0,1,2,0,2,1,0,0,1,4,6,0,0,5,19,0,37.57265325,15.31454898,1.439514783,,72,72,80,80,3.559284722,
45A4,1it5,14,70,0,4,0,0,13,23,66,3,0,1,1,6,19,12,64,0,2,0,1,2,0,2,1,0,0,1,4,6,0,0,5,19,0,37.57265325,15.31454898,1.439514783,,72,72,80,80,3.559284722,
45A4,1mjc,3,0,0,5,4,28,11,6,4,30,1,5,1,7,12,3,1,2,12,12,6,1,0,3,0,1,0,3,6,2,1,0,1,12,0,26.88150537,7.591180953,1.094564221,,36,36,36,36,6.190082219,
45A4,1mjc,3,0,0,5,4,28,11,6,4,30,1,5,1,7,12,3,1,2,12,12,6,1,0,3,0,1,0,3,6,2,1,0,1,12,0,26.88150537,7.591180953,1.094564221,,36,36,36,36,6.190082219,
45A4,1mjc,3,0,0,5,4,28,11,6,4,30,1,5,1,7,12,3,1,2,12,12,6,1,0,3,0,1,0,3,6,2,1,0,1,12,0,26.88150537,7.591180953,1.094564221,,36,36,36,36,6.190082219,
45A4,1mvg,1,15,0,12,0,74,9,4,15,62,1,5,2,3,30,2,12,2,14,30,18,0,0,3,2,0,0,3,3,1,1,0,1,30,0,44.67598157,9.875041527,1.420149497,0,65,65,71,71,4.162250575,2
45A4,1mvg,1,15,0,12,0,74,9,4,15,62,1,5,2,3,30,2,12,2,14,30,18,0,0,3,2,0,0,3,3,1,1,0,1,30,0,44.67598157,9.875041527,1.420149497,,65,65,71,71,4.162250575,
45A4,1mvg,1,15,0,12,0,74,9,4,15,62,1,5,2,3,30,2,12,2,14,30,18,0,0,3,2,0,0,3,3,1,1,0,1,30,0,44.67598157,9.875041527,1.420149497,,65,65,71,71,4.162250575,
45A4,1ng6,6,109,0,5,0,0,11,11,107,6,2,3,0,7,9,7,101,1,5,0,1,1,0,6,0,0,0,2,6,3,1,1,1,9,0,54.99715417,13.9154355,1.785104204,,109,109,113,113,2.657532924,
45A4,1ng6,6,109,0,5,0,0,11,11,107,6,2,3,0,7,9,7,101,1,5,0,1,1,0,6,0,0,0,2,6,3,1,1,1,9,0,54.99715417,13.9154355,1.785104204,,109,109,113,113,2.657532924,
45A4,1ng6,6,109,0,5,0,0,11,11,107,6,2,3,0,7,9,7,101,1,5,0,1,1,0,6,0,0,0,2,6,3,1,1,1,9,0,54.99715417,13.9154355,1.785104204,,109,109,113,113,2.657532924,
45A4,1pgb,0,14,0,4,0,24,6,4,16,17,0,1,0,4,11,3,12,1,0,12,5,0,1,3,0,0,1,0,3,1,0,0,0,11,0,21.93119229,6.314487458,1.056682854,,35,35,36,36,4.974404199,
45A4,1pgb,0,14,0,4,0,24,6,4,16,17,0,1,0,4,11,3,12,1,0,12,5,0,1,3,0,0,1,0,3,1,0,0,0,11,0,21.93119229,6.314487458,1.056682854,,35,35,36,36,4.974404199,
45A4,1pgb,0,14,0,4,0,24,6,4,16,17,0,1,0,4,11,3,12,1,0,12,5,0,1,3,0,0,1,0,3,1,0,0,0,11,0,21.93119229,6.314487458,1.056682854,,35,35,36,36,4.974404199,
45A4,1qk8,12,39,0,8,2,30,27,23,47,27,5,7,1,9,21,6,41,4,9,15,3,0,1,6,1,0,0,3,8,10,2,3,7,21,0,47.50864639,7.944307096,1.401829538,,77,77,82,82,111813.7928,
45A4,1qk8,12,39,0,8,2,30,27,23,47,27,5,7,1,9,21,6,41,4,9,15,3,0,1,6,1,0,0,3,8,10,2,3,7,21,0,47.50864639,7.944307096,1.401829538,,77,77,82,82,111813.7928,
45A4,1qk8,12,39,0,8,2,30,27,23,47,27,5,7,1,9,21,6,41,4,9,15,3,0,1,6,1,0,0,3,8,10,2,3,7,21,0,47.50864639,7.944307096,1.401829538,,77,77,82,82,111813.7928,
45A4,1qqv,5,25,0,13,0,0,6,8,24,6,1,2,0,2,21,5,22,0,4,1,1,0,0,2,0,0,0,2,2,1,1,0,2,21,0,27.61058961,7.844412994,1.171033495,0,15,15,21,21,4.212849942,1.9
45A4,1qqv,5,25,0,13,0,0,6,8,24,6,1,2,0,2,21,5,22,0,4,1,1,0,0,2,0,0,0,2,2,1,1,0,2,21,0,27.61058961,7.844412994,1.171033495,,15,15,21,21,4.212849942,
45A4,1qqv,5,25,0,13,0,0,6,8,24,6,1,2,0,2,21,5,22,0,4,1,1,0,0,2,0,0,0,2,2,1,1,0,2,21,0,27.61058961,7.844412994,1.171033495,,15,15,21,21,4.212849942,
45A4,1shg,3,0,0,5,5,23,6,4,6,27,2,4,0,1,10,3,1,4,11,16,0,0,0,5,0,0,0,0,1,0,1,1,1,10,0,23.63195842,6.542013124,1.048171361,,29,29,29,29,4.175217607,
45A4,1shg,3,0,0,5,5,23,6,4,6,27,2,4,0,1,10,3,1,4,11,16,0,0,0,5,0,0,0,0,1,0,1,1,1,10,0,23.63195842,6.542013124,1.048171361,,29,29,29,29,4.175217607,
45A4,1shg,3,0,0,5,5,23,6,4,6,27,2,4,0,1,10,3,1,4,11,16,0,0,0,5,0,0,0,0,1,0,1,1,1,10,0,23.63195842,6.542013124,1.048171361,,29,29,29,29,4.175217607,
45A4,1t2i,3,11,0,13,0,21,18,12,15,26,5,5,2,5,23,3,10,1,12,14,0,1,0,5,1,1,0,4,4,3,4,1,6,23,0,32.09951514,9.887582931,1.256339537,,41,41,43,43,3.503294017,
45A4,1t2i,3,11,0,13,0,21,18,12,15,26,5,5,2,5,23,3,10,1,12,14,0,1,0,5,1,1,0,4,4,3,4,1,6,23,0,32.09951514,9.887582931,1.256339537,,41,41,43,43,3.503294017,
45A4,1t2i,3,11,0,13,0,21,18,12,15,26,5,5,2,5,23,3,10,1,12,14,0,1,0,5,1,1,0,4,4,3,4,1,6,23,0,32.09951514,9.887582931,1.256339537,,41,41,43,43,3.503294017,
45A4,1tua,14,102,0,6,0,34,15,18,100,33,3,4,3,10,15,7,90,0,8,25,0,0,2,10,1,2,0,4,8,6,3,0,5,15,0,64.28853055,18.62573392,1.897210418,,129,129,138,138,2.165149442,
45A4,1tua,14,102,0,6,0,34,15,18,100,33,3,4,3,10,15,7,90,0,8,25,0,0,2,10,1,2,0,4,8,6,3,0,5,15,0,64.28853055,18.62573392,1.897210418,,129,129,138,138,2.165149442,
45A4,1tua,14,102,0,6,0,34,15,18,100,33,3,4,3,10,15,7,90,0,8,25,0,0,2,10,1,2,0,4,8,6,3,0,5,15,0,64.28853055,18.62573392,1.897210418,,129,129,138,138,2.165149442,
45A4,1tvq,0,14,0,3,1,71,18,7,16,71,1,4,4,11,8,2,12,3,14,55,2,0,7,4,2,2,0,1,4,4,1,0,1,8,0,42.49149753,9.000142501,1.407138752,0,77,77,80,80,4.103156796,2.3
45A4,1tvq,0,14,0,3,1,71,18,7,16,71,1,4,4,11,8,2,12,3,14,55,2,0,7,4,2,2,0,1,4,4,1,0,1,8,0,42.49149753,9.000142501,1.407138752,,77,77,80,80,4.103156796,
45A4,1tvq,0,14,0,3,1,71,18,7,16,71,1,4,4,11,8,2,12,3,14,55,2,0,7,4,2,2,0,1,4,4,1,0,1,8,0,42.49149753,9.000142501,1.407138752,,77,77,80,80,4.103156796,
45A4,1ubi,6,12,0,3,2,23,12,6,17,23,1,4,1,9,12,2,14,1,5,18,0,1,2,3,0,1,0,3,6,3,1,0,1,12,0,33.61283205,5.098966011,1.190761819,0,39,39,43,43,2.437255966,0.9
45A4,1ubi,6,12,0,3,2,23,12,6,17,23,1,4,1,9,12,2,14,1,5,18,0,1,2,3,0,1,0,3,6,3,1,0,1,12,0,33.61283205,5.098966011,1.190761819,,39,39,43,43,2.437255966,
45A4,1ubi,6,12,0,3,2,23,12,6,17,23,1,4,1,9,12,2,14,1,5,18,0,1,2,3,0,1,0,3,6,3,1,0,1,12,0,33.61283205,5.098966011,1.190761819,,39,39,43,43,2.437255966,
45A4,1ucs,9,4,0,7,6,10,8,7,6,20,5,8,0,4,11,4,3,0,18,1,1,0,0,3,0,0,0,8,4,2,4,1,1,11,0,20.42836547,8.600417744,1.069329607,,29,29,32,32,4.483536781,
45A4,1ucs,9,4,0,7,6,10,8,7,6,20,5,8,0,4,11,4,3,0,18,1,1,0,0,3,0,0,0,8,4,2,4,1,1,11,0,20.42836547,8.600417744,1.069329607,,29,29,32,32,4.483536781,
45A4,1ucs,9,4,0,7,6,10,8,7,6,20,5,8,0,4,11,4,3,0,18,1,1,0,0,3,0,0,0,8,4,2,4,1,1,11,0,20.42836547,8.600417744,1.069329607,,29,29,32,32,4.483536781,
45A4,1ulr,1,24,0,8,0,33,5,4,25,24,0,1,0,8,22,1,21,1,6,17,1,1,1,4,0,0,0,0,6,2,0,0,1,22,0,30.4213283,9.753817851,1.206799782,,52,52,53,53,4.400241977,
45A4,1ulr,1,24,0,8,0,33,5,4,25,24,0,1,0,8,22,1,21,1,6,17,1,1,1,4,0,0,0,0,6,2,0,0,1,22,0,30.4213283,9.753817851,1.206799782,,52,52,53,53,4.400241977,
45A4,1ulr,1,24,0,8,0,33,5,4,25,24,0,1,0,8,22,1,21,1,6,17,1,1,1,4,0,0,0,0,6,2,0,0,1,22,0,30.4213283,9.753817851,1.206799782,,52,52,53,53,4.400241977,
45A4,1uxz,3,0,0,13,4,70,10,7,7,65,5,10,1,8,25,3,0,5,19,34,12,0,1,7,0,1,0,5,7,2,4,1,2,25,0,35.3743742,9.902976728,1.365786873,,70,70,70,70,167341.4852,
45A4,1uxz,3,0,0,13,4,70,10,7,7,65,5,10,1,8,25,3,0,5,19,34,12,0,1,7,0,1,0,5,7,2,4,1,2,25,0,35.3743742,9.902976728,1.365786873,,70,70,70,70,167341.4852,
45A4,1uxz,3,0,0,13,4,70,10,7,7,65,5,10,1,8,25,3,0,5,19,34,12,0,1,7,0,1,0,5,7,2,4,1,2,25,0,35.3743742,9.902976728,1.365786873,,70,70,70,70,167341.4852,
45A4,1yu5,7,30,0,8,0,0,5,9,32,7,1,3,0,2,10,3,25,0,6,0,1,0,0,7,0,0,0,3,2,5,0,1,1,10,0,26.48248829,8.434501721,1.176764311,,28,28,33,33,2.54382782,1.3
45A4,1yu5,7,30,0,8,0,0,5,9,32,7,1,3,0,2,10,3,25,0,6,0,1,0,0,7,0,0,0,3,2,5,0,1,1,10,0,26.48248829,8.434501721,1.176764311,,28,28,33,33,2.54382782,
45A4,1yu5,7,30,0,8,0,0,5,9,32,7,1,3,0,2,10,3,25,0,6,0,1,0,0,7,0,0,0,3,2,5,0,1,1,10,0,26.48248829,8.434501721,1.176764311,,28,28,33,33,2.54382782,
45A4,1zlm,3,0,0,7,5,23,6,4,6,27,3,3,1,2,9,1,1,2,12,10,5,0,0,5,0,1,0,1,2,2,1,2,1,9,0,25.55033971,6.659486581,1.045279965,,30,30,30,30,2.59174709,
45A4,1zlm,3,0,0,7,5,23,6,4,6,27,3,3,1,2,9,1,1,2,12,10,5,0,0,5,0,1,0,1,2,2,1,2,1,9,0,25.55033971,6.659486581,1.045279965,,30,30,30,30,2.59174709,
45A4,1zlm,3,0,0,7,5,23,6,4,6,27,3,3,1,2,9,1,1,2,12,10,5,0,0,5,0,1,0,1,2,2,1,2,1,9,0,25.55033971,6.659486581,1.045279965,,30,30,30,30,2.59174709,
45A4,1zvg,1,10,0,12,2,18,7,4,11,23,0,4,0,6,15,1,9,2,14,6,3,0,2,2,0,0,0,2,4,3,0,0,0,15,0,23.50522438,7.882713667,1.112649049,,28,28,28,28,2.316663039,
45A4,1zvg,1,10,0,12,2,18,7,4,11,23,0,4,0,6,15,1,9,2,14,6,3,0,2,2,0,0,0,2,4,3,0,0,0,15,0,23.50522438,7.882713667,1.112649049,,28,28,28,28,2.316663039,
45A4,1zvg,1,10,0,12,2,18,7,4,11,23,0,4,0,6,15,1,9,2,14,6,3,0,2,2,0,0,0,2,4,3,0,0,0,15,0,23.50522438,7.882713667,1.112649049,,28,28,28,28,2.316663039,
45A4,2cwr,0,0,0,12,1,59,8,1,2,49,4,7,1,5,25,0,0,3,6,36,7,1,3,2,0,1,0,4,1,0,2,2,1,25,0,31.01669348,8.571759481,1.298606631,0,50,50,50,50,4.482137659,
45A4,2cwr,0,0,0,12,1,59,8,1,2,49,4,7,1,5,25,0,0,3,6,36,7,1,3,2,0,1,0,4,1,0,2,2,1,25,0,31.01669348,8.571759481,1.298606631,,50,50,50,50,4.482137659,
45A4,2cwr,0,0,0,12,1,59,8,1,2,49,4,7,1,5,25,0,0,3,6,36,7,1,3,2,0,1,0,4,1,0,2,2,1,25,0,31.01669348,8.571759481,1.298606631,,50,50,50,50,4.482137659,
45A4,2czn,0,0,0,20,1,52,4,3,1,48,0,5,1,5,37,1,0,4,14,26,8,1,2,1,0,1,0,1,2,2,0,0,0,37,0,35.24467405,9.742093608,1.300345134,,37,37,50,50,5.90754455,
45A4,2czn,0,0,0,20,1,52,4,3,1,48,0,5,1,5,37,1,0,4,14,26,8,1,2,1,0,1,0,1,2,2,0,0,0,37,0,35.24467405,9.742093608,1.300345134,,37,37,50,50,5.90754455,
45A4,2czn,0,0,0,20,1,52,4,3,1,48,0,5,1,5,37,1,0,4,14,26,8,1,2,1,0,1,0,1,2,2,0,0,0,37,0,35.24467405,9.742093608,1.300345134,,37,37,50,50,5.90754455,
45A4,2gb1,1,13,0,5,0,22,6,5,15,16,0,2,0,4,11,1,12,2,3,10,3,1,0,3,0,0,0,0,3,3,0,0,1,11,0,24.73663908,7.057339655,1.057237018,,25,25,29,29,4.219262135,
45A4,2gb1,1,13,0,5,0,22,6,5,15,16,0,2,0,4,11,1,12,2,3,10,3,1,0,3,0,0,0,0,3,3,0,0,1,11,0,24.73663908,7.057339655,1.057237018,,25,25,29,29,4.219262135,
45A4,2gb1,1,13,0,5,0,22,6,5,15,16,0,2,0,4,11,1,12,2,3,10,3,1,0,3,0,0,0,0,3,3,0,0,1,11,0,24.73663908,7.057339655,1.057237018,,25,25,29,29,4.219262135,
45A4,2gkt,0,10,0,5,1,7,7,6,13,13,0,3,1,3,9,2,9,3,9,3,1,0,1,4,0,1,0,0,2,1,0,0,3,9,0,19.65258685,7.861652093,1.013257373,,22,22,22,22,3.519579559,
45A4,2gkt,0,10,0,5,1,7,7,6,13,13,0,3,1,3,9,2,9,3,9,3,1,0,1,4,0,1,0,0,2,1,0,0,3,9,0,19.65258685,7.861652093,1.013257373,,22,22,22,22,3.519579559,
45A4,2gkt,0,10,0,5,1,7,7,6,13,13,0,3,1,3,9,2,9,3,9,3,1,0,1,4,0,1,0,0,2,1,0,0,3,9,0,19.65258685,7.861652093,1.013257373,,22,22,22,22,3.519579559,
45A4,2ovn,0,13,0,1,0,0,0,2,9,0,0,0,1,1,1,1,9,0,0,0,0,0,1,0,1,0,0,0,0,0,0,0,1,1,0,8.834167148,5.551722586,0.811060727,0,7,7,8,8,-3.116634604,2.4
45A4,2ovn,0,13,0,1,0,0,0,2,9,0,0,0,1,1,1,1,9,0,0,0,0,0,1,0,1,0,0,0,0,0,0,0,1,1,0,8.834167148,5.551722586,0.811060727,,7,7,8,8,-3.116634604,
45A4,2ovn,0,13,0,1,0,0,0,2,9,0,0,0,1,1,1,1,9,0,0,0,0,0,1,0,1,0,0,0,0,0,0,0,1,1,0,8.834167148,5.551722586,0.811060727,,7,7,8,8,-3.116634604,
45A4,2pne,0,0,0,9,0,0,6,1,0,6,2,52,0,3,14,0,0,0,6,0,0,0,1,0,0,0,0,52,2,0,2,0,1,14,0,21.2332836,10.38388712,1.320670178,,38,38,38,38,9.477863047,
45A4,2pne,0,0,0,9,0,0,6,1,0,6,2,52,0,3,14,0,0,0,6,0,0,0,1,0,0,0,0,52,2,0,2,0,1,14,0,21.2332836,10.38388712,1.320670178,,38,38,38,38,9.477863047,
45A4,2pne,0,0,0,9,0,0,6,1,0,6,2,52,0,3,14,0,0,0,6,0,0,0,1,0,0,0,0,52,2,0,2,0,1,14,0,21.2332836,10.38388712,1.320670178,,38,38,38,38,9.477863047,
45A4,2ppo,4,8,0,7,4,36,23,4,16,43,5,7,0,8,21,2,11,3,15,26,2,0,0,5,0,0,0,4,8,2,5,0,0,21,0,38.90539625,7.358133922,1.321879103,,62,62,63,63,4.562077316,
45A4,2ppo,4,8,0,7,4,36,23,4,16,43,5,7,0,8,21,2,11,3,15,26,2,0,0,5,0,0,0,4,8,2,5,0,0,21,0,38.90539625,7.358133922,1.321879103,,62,62,63,63,4.562077316,
45A4,2ppo,4,8,0,7,4,36,23,4,16,43,5,7,0,8,21,2,11,3,15,26,2,0,0,5,0,0,0,4,8,2,5,0,0,21,0,38.90539625,7.358133922,1.321879103,,62,62,63,63,4.562077316,
45A4,3ci2,0,11,0,5,5,6,12,2,11,5,1,4,0,5,33,1,11,2,4,1,0,4,0,0,0,0,0,2,1,1,1,0,0,33,0,20.53173727,11.65481003,1.071904232,0,26,26,29,29,5.833545663,2.1
45A4,3ci2,0,11,0,5,5,6,12,2,11,5,1,4,0,5,33,1,11,2,4,1,0,4,0,0,0,0,0,2,1,1,1,0,0,33,0,20.53173727,11.65481003,1.071904232,,26,26,29,29,5.833545663,
45A4,3ci2,0,11,0,5,5,6,12,2,11,5,1,4,0,5,33,1,11,2,4,1,0,4,0,0,0,0,0,2,1,1,1,0,0,33,0,20.53173727,11.65481003,1.071904232,,26,26,29,29,5.833545663,
45A4,3e7u,1,9,0,2,2,8,10,3,8,6,2,1,4,2,11,0,8,1,5,0,1,1,1,0,1,3,0,0,0,2,1,1,1,11,0,14.99184619,9.318372014,1.01155557,,20,20,22,22,3.214024264,
45A4,3e7u,1,9,0,2,2,8,10,3,8,6,2,1,4,2,11,0,8,1,5,0,1,1,1,0,1,3,0,0,0,2,1,1,1,11,0,14.99184619,9.318372014,1.01155557,,20,20,22,22,3.214024264,
45A4,3e7u,1,9,0,2,2,8,10,3,8,6,2,1,4,2,11,0,8,1,5,0,1,1,1,0,1,3,0,0,0,2,1,1,1,11,0,14.99184619,9.318372014,1.01155557,,20,20,22,22,3.214024264,
45A4,3wp5,5,18,0,26,2,120,14,14,22,112,3,9,2,9,53,7,12,5,28,64,20,0,4,10,1,1,0,4,5,3,0,3,4,53,0,58.48410317,12.32063911,1.6197604,,123,123,128,128,5.568104438,
45A4,3wp5,5,18,0,26,2,120,14,14,22,112,3,9,2,9,53,7,12,5,28,64,20,0,4,10,1,1,0,4,5,3,0,3,4,53,0,58.48410317,12.32063911,1.6197604,,123,123,128,128,5.568104438,
45A4,3wp5,5,18,0,26,2,120,14,14,22,112,3,9,2,9,53,7,12,5,28,64,20,0,4,10,1,1,0,4,5,3,0,3,4,53,0,58.48410317,12.32063911,1.6197604,,123,123,128,128,5.568104438,
45A4,4lfq,3,12,1,3,0,0,5,4,15,4,0,0,0,2,7,2,11,0,2,2,0,1,0,4,0,0,0,0,1,1,0,0,1,7,0,14.83063221,6.49012093,0.972869865,,17,17,17,17,-0.862673481,
45A4,4lfq,3,12,1,3,0,0,5,4,15,4,0,0,0,2,7,2,11,0,2,2,0,1,0,4,0,0,0,0,1,1,0,0,1,7,0,14.83063221,6.49012093,0.972869865,,17,17,17,17,-0.862673481,
45A4,4lfq,3,12,1,3,0,0,5,4,15,4,0,0,0,2,7,2,11,0,2,2,0,1,0,4,0,0,0,0,1,1,0,0,1,7,0,14.83063221,6.49012093,0.972869865,,17,17,17,17,-0.862673481,
45A4,4mhp,19,106,4,35,9,47,29,28,126,71,7,17,0,18,56,13,105,3,37,32,2,1,4,21,0,0,0,14,13,9,4,3,6,56,0,88.87780623,16.7693937,1.912435118,,168,168,180,180,3.681268443,
45A4,4mhp,19,106,4,35,9,47,29,28,126,71,7,17,0,18,56,13,105,3,37,32,2,1,4,21,0,0,0,14,13,9,4,3,6,56,0,88.87780623,16.7693937,1.912435118,,168,168,180,180,3.681268443,
45A4,4mhp,19,106,4,35,9,47,29,28,126,71,7,17,0,18,56,13,105,3,37,32,2,1,4,21,0,0,0,14,13,9,4,3,6,56,0,88.87780623,16.7693937,1.912435118,,168,168,180,180,3.681268443,
53A6,1aey,3,0,0,8,5,23,6,3,7,24,1,5,0,1,14,1,3,4,15,5,4,0,0,4,0,0,0,1,1,1,1,0,1,14,0,22.60615975,7.430496862,1.040469162,,29,29,33,33,5.250879203,
53A6,1aey,3,0,0,8,5,23,6,3,7,24,1,5,0,1,14,1,3,4,15,5,4,0,0,4,0,0,0,1,1,1,1,0,1,14,0,22.60615975,7.430496862,1.040469162,,29,29,33,33,5.250879203,
53A6,1aey,3,0,0,8,5,23,6,3,7,24,1,5,0,1,14,1,3,4,15,5,4,0,0,4,0,0,0,1,1,1,1,0,1,14,0,22.60615975,7.430496862,1.040469162,,29,29,33,33,5.250879203,
53A6,1afi,0,21,0,5,1,19,12,12,14,17,0,3,0,2,21,6,13,3,1,8,8,0,0,0,0,0,1,0,2,3,0,0,3,21,0,24.91128495,7.086363116,1.107827568,0,27,27,42,42,8.600059079,
53A6,1afi,0,21,0,5,1,19,12,12,14,17,0,3,0,2,21,6,13,3,1,8,8,0,0,0,0,0,1,0,2,3,0,0,3,21,0,24.91128495,7.086363116,1.107827568,,27,27,42,42,8.600059079,
53A6,1afi,0,21,0,5,1,19,12,12,14,17,0,3,0,2,21,6,13,3,1,8,8,0,0,0,0,0,1,0,2,3,0,0,3,21,0,24.91128495,7.086363116,1.107827568,,27,27,42,42,8.600059079,
53A6,1aki,17,39,0,11,6,8,26,20,47,13,6,3,4,17,16,6,37,1,6,6,1,1,4,8,2,2,2,2,12,9,5,1,5,16,0,40.95277305,7.796961231,1.41775994,0,63,63,68,68,5.863800808,1.2
53A6,1aki,17,39,0,11,6,8,26,20,47,13,6,3,4,17,16,6,37,1,6,6,1,1,4,8,2,2,2,2,12,9,5,1,5,16,0,40.95277305,7.796961231,1.41775994,,63,63,68,68,5.863800808,
53A6,1aki,17,39,0,11,6,8,26,20,47,13,6,3,4,17,16,6,37,1,6,6,1,1,4,8,2,2,2,2,12,9,5,1,5,16,0,40.95277305,7.796961231,1.41775994,,63,63,68,68,5.863800808,
53A6,1amm,11,5,0,32,14,56,14,13,15,64,4,13,4,9,49,7,4,10,22,31,11,0,1,11,0,4,0,3,8,1,4,0,5,49,0,49.36816271,14.0243961,1.671483443,,85,85,86,86,6.256194049,
53A6,1amm,11,5,0,32,14,56,14,13,15,64,4,13,4,9,49,7,4,10,22,31,11,0,1,11,0,4,0,3,8,1,4,0,5,49,0,49.36816271,14.0243961,1.671483443,,85,85,86,86,6.256194049,
53A6,1amm,11,5,0,32,14,56,14,13,15,64,4,13,4,9,49,7,4,10,22,31,11,0,1,11,0,4,0,3,8,1,4,0,5,49,0,49.36816271,14.0243961,1.671483443,,85,85,86,86,6.256194049,
53A6,1bta,3,37,0,8,0,16,13,8,38,9,0,3,0,9,19,4,33,2,4,3,2,4,0,4,0,0,1,1,5,2,0,0,2,19,0,33.27558951,8.617480822,1.197632077,,32,32,52,52,8.045169389,3.3
53A6,1bta,3,37,0,8,0,16,13,8,38,9,0,3,0,9,19,4,33,2,4,3,2,4,0,4,0,0,1,1,5,2,0,0,2,19,0,33.27558951,8.617480822,1.197632077,,32,32,52,52,8.045169389,
53A6,1bta,3,37,0,8,0,16,13,8,38,9,0,3,0,9,19,4,33,2,4,3,2,4,0,4,0,0,1,1,5,2,0,0,2,19,0,33.27558951,8.617480822,1.197632077,,32,32,52,52,8.045169389,
53A6,1d3z,6,12,0,3,2,23,12,9,16,28,1,4,1,8,6,3,11,1,5,21,2,0,2,5,0,1,0,3,6,5,1,0,1,6,0,34.61773692,5.688787955,1.213298919,0,40,40,42,42,2.652241811,0.9
53A6,1d3z,6,12,0,3,2,23,12,9,16,28,1,4,1,8,6,3,11,1,5,21,2,0,2,5,0,1,0,3,6,5,1,0,1,6,0,34.61773692,5.688787955,1.213298919,,40,40,42,42,2.652241811,
53A6,1d3z,6,12,0,3,2,23,12,9,16,28,1,4,1,8,6,3,11,1,5,21,2,0,2,5,0,1,0,3,6,5,1,0,1,6,0,34.61773692,5.688787955,1.213298919,,40,40,42,42,2.652241811,
53A6,1e8l,3,38,0,19,2,6,31,20,43,8,3,2,1,11,38,9,33,0,7,1,0,0,1,10,0,1,0,2,10,6,3,0,5,38,0,45.42736538,8.760659524,1.423474855,0,42,42,54,54,7.42755898,1.9
53A6,1e8l,3,38,0,19,2,6,31,20,43,8,3,2,1,11,38,9,33,0,7,1,0,0,1,10,0,1,0,2,10,6,3,0,5,38,0,45.42736538,8.760659524,1.423474855,,42,42,54,54,7.42755898,
53A6,1e8l,3,38,0,19,2,6,31,20,43,8,3,2,1,11,38,9,33,0,7,1,0,0,1,10,0,1,0,2,10,6,3,0,5,38,0,45.42736538,8.760659524,1.423474855,,42,42,54,54,7.42755898,
53A6,1ew4,0,33,0,8,1,33,14,7,35,32,0,4,2,10,13,4,31,3,6,26,0,0,2,4,0,2,0,1,8,3,0,0,0,13,0,42.14170539,6.560573148,1.336427345,,61,61,62,62,5.168163004,
53A6,1ew4,0,33,0,8,1,33,14,7,35,32,0,4,2,10,13,4,31,3,6,26,0,0,2,4,0,2,0,1,8,3,0,0,0,13,0,42.14170539,6.560573148,1.336427345,,61,61,62,62,5.168163004,
53A6,1ew4,0,33,0,8,1,33,14,7,35,32,0,4,2,10,13,4,31,3,6,26,0,0,2,4,0,2,0,1,8,3,0,0,0,13,0,42.14170539,6.560573148,1.336427345,,61,61,62,62,5.168163004,
53A6,1faz,12,70,0,5,0,0,14,23,67,3,0,1,1,6,18,11,65,0,2,0,1,2,0,2,1,0,0,1,4,6,0,0,6,18,0,35.87126314,15.69496174,1.436827379,,74,74,81,81,5.910844135,
53A6,1faz,12,70,0,5,0,0,14,23,67,3,0,1,1,6,18,11,65,0,2,0,1,2,0,2,1,0,0,1,4,6,0,0,6,18,0,35.87126314,15.69496174,1.436827379,,74,74,81,81,5.910844135,
53A6,1faz,12,70,0,5,0,0,14,23,67,3,0,1,1,6,18,11,65,0,2,0,1,2,0,2,1,0,0,1,4,6,0,0,6,18,0,35.87126314,15.69496174,1.436827379,,74,74,81,81,5.910844135,
53A6,1fl0,11,4,0,18,4,57,27,20,11,60,6,16,2,12,34,10,4,4,34,22,4,2,4,7,0,2,0,12,6,7,4,2,3,34,0,53.70061947,10.33168569,1.527019433,,71,71,73,73,7.247405086,
53A6,1fl0,11,4,0,18,4,57,27,20,11,60,6,16,2,12,34,10,4,4,34,22,4,2,4,7,0,2,0,12,6,7,4,2,3,34,0,53.70061947,10.33168569,1.527019433,,71,71,73,73,7.247405086,
53A6,1fl0,11,4,0,18,4,57,27,20,11,60,6,16,2,12,34,10,4,4,34,22,4,2,4,7,0,2,0,12,6,7,4,2,3,34,0,53.70061947,10.33168569,1.527019433,,71,71,73,73,7.247405086,
53A6,1it5,14,70,0,4,0,0,13,23,66,3,0,1,1,6,19,12,64,0,2,0,1,2,0,2,1,0,0,1,4,6,0,0,5,19,0,37.69782128,15.52550307,1.438588385,,72,72,80,80,5.602674761,
53A6,1it5,14,70,0,4,0,0,13,23,66,3,0,1,1,6,19,12,64,0,2,0,1,2,0,2,1,0,0,1,4,6,0,0,5,19,0,37.69782128,15.52550307,1.438588385,,72,72,80,80,5.602674761,
53A6,1it5,14,70,0,4,0,0,13,23,66,3,0,1,1,6,19,12,64,0,2,0,1,2,0,2,1,0,0,1,4,6,0,0,5,19,0,37.69782128,15.52550307,1.438588385,,72,72,80,80,5.602674761,
53A6,1mjc,3,0,0,5,4,28,11,6,4,30,1,5,1,7,12,3,1,2,12,12,6,1,0,3,0,1,0,3,6,2,1,0,1,12,0,27.08761956,7.552114869,1.094653991,,36,36,36,36,8.712700658,
53A6,1mjc,3,0,0,5,4,28,11,6,4,30,1,5,1,7,12,3,1,2,12,12,6,1,0,3,0,1,0,3,6,2,1,0,1,12,0,27.08761956,7.552114869,1.094653991,,36,36,36,36,8.712700658,
53A6,1mjc,3,0,0,5,4,28,11,6,4,30,1,5,1,7,12,3,1,2,12,12,6,1,0,3,0,1,0,3,6,2,1,0,1,12,0,27.08761956,7.552114869,1.094653991,,36,36,36,36,8.712700658,
53A6,1mvg,1,15,0,12,0,74,9,4,15,62,1,5,2,3,30,2,12,2,14,30,18,0,0,3,2,0,0,3,3,1,1,0,1,30,0,44.49137664,9.952754174,1.419850843,0,65,65,71,71,6.954974737,2
53A6,1mvg,1,15,0,12,0,74,9,4,15,62,1,5,2,3,30,2,12,2,14,30,18,0,0,3,2,0,0,3,3,1,1,0,1,30,0,44.49137664,9.952754174,1.419850843,,65,65,71,71,6.954974737,
53A6,1mvg,1,15,0,12,0,74,9,4,15,62,1,5,2,3,30,2,12,2,14,30,18,0,0,3,2,0,0,3,3,1,1,0,1,30,0,44.49137664,9.952754174,1.419850843,,65,65,71,71,6.954974737,
53A6,1ng6,6,109,0,5,0,0,11,11,107,6,2,3,0,7,9,7,101,1,5,0,1,1,0,6,0,0,0,2,6,3,1,1,1,9,0,54.62677168,13.28183221,1.785104204,,109,109,113,113,5.314306564,
53A6,1ng6,6,109,0,5,0,0,11,11,107,6,2,3,0,7,9,7,101,1,5,0,1,1,0,6,0,0,0,2,6,3,1,1,1,9,0,54.62677168,13.28183221,1.785104204,,109,109,113,113,5.314306564,
53A6,1ng6,6,109,0,5,0,0,11,11,107,6,2,3,0,7,9,7,101,1,5,0,1,1,0,6,0,0,0,2,6,3,1,1,1,9,0,54.62677168,13.28183221,1.785104204,,109,109,113,113,5.314306564,
53A6,1pgb,0,14,0,4,0,24,6,4,16,17,0,1,0,4,11,3,12,1,0,12,5,0,1,3,0,0,1,0,3,1,0,0,0,11,0,23.62665489,6.686430495,1.056682854,,35,35,36,36,7.29148484,
53A6,1pgb,0,14,0,4,0,24,6,4,16,17,0,1,0,4,11,3,12,1,0,12,5,0,1,3,0,0,1,0,3,1,0,0,0,11,0,23.62665489,6.686430495,1.056682854,,35,35,36,36,7.29148484,
53A6,1pgb,0,14,0,4,0,24,6,4,16,17,0,1,0,4,11,3,12,1,0,12,5,0,1,3,0,0,1,0,3,1,0,0,0,11,0,23.62665489,6.686430495,1.056682854,,35,35,36,36,7.29148484,
53A6,1qk8,12,39,0,8,2,30,27,23,47,27,5,7,1,9,21,6,41,4,9,15,3,0,1,6,1,0,0,3,8,10,2,3,7,21,0,48.57133012,8.23667398,1.401819721,,77,77,82,82,111514.397,
53A6,1qk8,12,39,0,8,2,30,27,23,47,27,5,7,1,9,21,6,41,4,9,15,3,0,1,6,1,0,0,3,8,10,2,3,7,21,0,48.57133012,8.23667398,1.401819721,,77,77,82,82,111514.397,
53A6,1qk8,12,39,0,8,2,30,27,23,47,27,5,7,1,9,21,6,41,4,9,15,3,0,1,6,1,0,0,3,8,10,2,3,7,21,0,48.57133012,8.23667398,1.401819721,,77,77,82,82,111514.397,
53A6,1qqv,5,25,0,13,0,0,6,8,24,6,1,2,0,2,21,5,22,0,4,1,1,0,0,2,0,0,0,2,2,1,1,0,2,21,0,27.44985222,7.896805491,1.170023541,0,15,15,21,21,6.746449942,1.9
53A6,1qqv,5,25,0,13,0,0,6,8,24,6,1,2,0,2,21,5,22,0,4,1,1,0,0,2,0,0,0,2,2,1,1,0,2,21,0,27.44985222,7.896805491,1.170023541,,15,15,21,21,6.746449942,
53A6,1qqv,5,25,0,13,0,0,6,8,24,6,1,2,0,2,21,5,22,0,4,1,1,0,0,2,0,0,0,2,2,1,1,0,2,21,0,27.44985222,7.896805491,1.170023541,,15,15,21,21,6.746449942,
53A6,1shg,3,0,0,5,5,23,6,4,6,27,2,4,0,1,10,3,1,4,11,16,0,0,0,5,0,0,0,0,1,0,1,1,1,10,0,24.39648173,6.506125702,1.048171361,,29,29,29,29,6.385926197,
53A6,1shg,3,0,0,5,5,23,6,4,6,27,2,4,0,1,10,3,1,4,11,16,0,0,0,5,0,0,0,0,1,0,1,1,1,10,0,24.39648173,6.506125702,1.048171361,,29,29,29,29,6.385926197,
53A6,1shg,3,0,0,5,5,23,6,4,6,27,2,4,0,1,10,3,1,4,11,16,0,0,0,5,0,0,0,0,1,0,1,1,1,10,0,24.39648173,6.506125702,1.048171361,,29,29,29,29,6.385926197,
53A6,1t2i,3,11,0,13,0,21,18,12,15,26,5,5,2,5,23,3,10,1,12,14,0,1,0,5,1,1,0,4,4,3,4,1,6,23,0,32.34213352,10.56300013,1.256005553,,41,41,43,43,5.777368299,
53A6,1t2i,3,11,0,13,0,21,18,12,15,26,5,5,2,5,23,3,10,1,12,14,0,1,0,5,1,1,0,4,4,3,4,1,6,23,0,32.34213352,10.56300013,1.256005553,,41,41,43,43,5.777368299,
53A6,1t2i,3,11,0,13,0,21,18,12,15,26,5,5,2,5,23,3,10,1,12,14,0,1,0,5,1,1,0,4,4,3,4,1,6,23,0,32.34213352,10.56300013,1.256005553,,41,41,43,43,5.777368299,
53A6,1tua,14,102,0,6,0,34,15,18,100,33,3,4,3,10,15,7,90,0,8,25,0,0,2,10,1,2,0,4,8,6,3,0,5,15,0,63.93806952,18.49093805,1.89848903,,129,129,138,138,4.937382773,
53A6,1tua,14,102,0,6,0,34,15,18,100,33,3,4,3,10,15,7,90,0,8,25,0,0,2,10,1,2,0,4,8,6,3,0,5,15,0,63.93806952,18.49093805,1.89848903,,129,129,138,138,4.937382773,
53A6,1tua,14,102,0,6,0,34,15,18,100,33,3,4,3,10,15,7,90,0,8,25,0,0,2,10,1,2,0,4,8,6,3,0,5,15,0,63.93806952,18.49093805,1.89848903,,129,129,138,138,4.937382773,
53A6,1tvq,0,14,0,3,1,71,18,7,16,71,1,4,4,11,8,2,12,3,14,55,2,0,7,4,2,2,0,1,4,4,1,0,1,8,0,43.02602319,8.363195381,1.406393485,0,77,77,80,80,6.720487671,2.3
53A6,1tvq,0,14,0,3,1,71,18,7,16,71,1,4,4,11,8,2,12,3,14,55,2,0,7,4,2,2,0,1,4,4,1,0,1,8,0,43.02602319,8.363195381,1.406393485,,77,77,80,80,6.720487671,
53A6,1tvq,0,14,0,3,1,71,18,7,16,71,1,4,4,11,8,2,12,3,14,55,2,0,7,4,2,2,0,1,4,4,1,0,1,8,0,43.02602319,8.363195381,1.406393485,,77,77,80,80,6.720487671,
53A6,1ubi,6,12,0,3,2,23,12,6,17,23,1,4,1,9,12,2,14,1,5,18,0,1,2,3,0,1,0,3,6,3,1,0,1,12,0,33.3978165,5.423095998,1.19046661,0,39,39,43,43,4.933419004,0.9
53A6,1ubi,6,12,0,3,2,23,12,6,17,23,1,4,1,9,12,2,14,1,5,18,0,1,2,3,0,1,0,3,6,3,1,0,1,12,0,33.3978165,5.423095998,1.19046661,,39,39,43,43,4.933419004,
53A6,1ubi,6,12,0,3,2,23,12,6,17,23,1,4,1,9,12,2,14,1,5,18,0,1,2,3,0,1,0,3,6,3,1,0,1,12,0,33.3978165,5.423095998,1.19046661,,39,39,43,43,4.933419004,
53A6,1ucs,9,4,0,7,6,10,8,7,6,20,5,8,0,4,11,4,3,0,18,1,1,0,0,3,0,0,0,8,4,2,4,1,1,11,0,21.4696548,9.313766611,1.069329607,,29,29,32,32,7.108427108,
53A6,1ucs,9,4,0,7,6,10,8,7,6,20,5,8,0,4,11,4,3,0,18,1,1,0,0,3,0,0,0,8,4,2,4,1,1,11,0,21.4696548,9.313766611,1.069329607,,29,29,32,32,7.108427108,
53A6,1ucs,9,4,0,7,6,10,8,7,6,20,5,8,0,4,11,4,3,0,18,1,1,0,0,3,0,0,0,8,4,2,4,1,1,11,0,21.4696548,9.313766611,1.069329607,,29,29,32,32,7.108427108,
53A6,1ulr,1,24,0,8,0,33,5,4,25,24,0,1,0,8,22,1,21,1,6,17,1,1,1,4,0,0,0,0,6,2,0,0,1,22,0,29.89790229,9.188229774,1.207204774,,52,52,53,53,7.178439827,
53A6,1ulr,1,24,0,8,0,33,5,4,25,24,0,1,0,8,22,1,21,1,6,17,1,1,1,4,0,0,0,0,6,2,0,0,1,22,0,29.89790229,9.188229774,1.207204774,,52,52,53,53,7.178439827,
53A6,1ulr,1,24,0,8,0,33,5,4,25,24,0,1,0,8,22,1,21,1,6,17,1,1,1,4,0,0,0,0,6,2,0,0,1,22,0,29.89790229,9.188229774,1.207204774,,52,52,53,53,7.178439827,
53A6,1uxz,3,0,0,13,4,70,10,7,7,65,5,10,1,8,25,3,0,5,19,34,12,0,1,7,0,1,0,5,7,2,4,1,2,25,0,37.1527979,9.905073351,1.366684484,,70,70,70,70,188390.319,
53A6,1uxz,3,0,0,13,4,70,10,7,7,65,5,10,1,8,25,3,0,5,19,34,12,0,1,7,0,1,0,5,7,2,4,1,2,25,0,37.1527979,9.905073351,1.366684484,,70,70,70,70,188390.319,
53A6,1uxz,3,0,0,13,4,70,10,7,7,65,5,10,1,8,25,3,0,5,19,34,12,0,1,7,0,1,0,5,7,2,4,1,2,25,0,37.1527979,9.905073351,1.366684484,,70,70,70,70,188390.319,
53A6,1yu5,7,30,0,8,0,0,5,9,32,7,1,3,0,2,10,3,25,0,6,0,1,0,0,7,0,0,0,3,2,5,0,1,1,10,0,25.67277977,8.933488589,1.175759795,,28,28,33,33,5.055083232,1.3
53A6,1yu5,7,30,0,8,0,0,5,9,32,7,1,3,0,2,10,3,25,0,6,0,1,0,0,7,0,0,0,3,2,5,0,1,1,10,0,25.67277977,8.933488589,1.175759795,,28,28,33,33,5.055083232,
53A6,1yu5,7,30,0,8,0,0,5,9,32,7,1,3,0,2,10,3,25,0,6,0,1,0,0,7,0,0,0,3,2,5,0,1,1,10,0,25.67277977,8.933488589,1.175759795,,28,28,33,33,5.055083232,
53A6,1zlm,3,0,0,7,5,23,6,4,6,27,3,3,1,2,9,1,1,2,12,10,5,0,0,5,0,1,0,1,2,2,1,2,1,9,0,25.74844061,6.850777276,1.045279965,,30,30,30,30,4.810959469,
53A6,1zlm,3,0,0,7,5,23,6,4,6,27,3,3,1,2,9,1,1,2,12,10,5,0,0,5,0,1,0,1,2,2,1,2,1,9,0,25.74844061,6.850777276,1.045279965,,30,30,30,30,4.810959469,
53A6,1zlm,3,0,0,7,5,23,6,4,6,27,3,3,1,2,9,1,1,2,12,10,5,0,0,5,0,1,0,1,2,2,1,2,1,9,0,25.74844061,6.850777276,1.045279965,,30,30,30,30,4.810959469,
53A6,1zvg,1,10,0,12,2,18,7,4,11,23,0,4,0,6,15,1,9,2,14,6,3,0,2,2,0,0,0,2,4,3,0,0,0,15,0,23.92469017,8.079539581,1.115814167,,28,28,28,28,4.605389464,
53A6,1zvg,1,10,0,12,2,18,7,4,11,23,0,4,0,6,15,1,9,2,14,6,3,0,2,2,0,0,0,2,4,3,0,0,0,15,0,23.92469017,8.079539581,1.115814167,,28,28,28,28,4.605389464,
53A6,1zvg,1,10,0,12,2,18,7,4,11,23,0,4,0,6,15,1,9,2,14,6,3,0,2,2,0,0,0,2,4,3,0,0,0,15,0,23.92469017,8.079539581,1.115814167,,28,28,28,28,4.605389464,
53A6,2cwr,0,0,0,12,1,59,8,1,2,49,4,7,1,5,25,0,0,3,6,36,7,1,3,2,0,1,0,4,1,0,2,2,1,25,0,32.22927285,9.016981199,1.298606631,0,50,50,50,50,6.979508337,
53A6,2cwr,0,0,0,12,1,59,8,1,2,49,4,7,1,5,25,0,0,3,6,36,7,1,3,2,0,1,0,4,1,0,2,2,1,25,0,32.22927285,9.016981199,1.298606631,,50,50,50,50,6.979508337,
53A6,2cwr,0,0,0,12,1,59,8,1,2,49,4,7,1,5,25,0,0,3,6,36,7,1,3,2,0,1,0,4,1,0,2,2,1,25,0,32.22927285,9.016981199,1.298606631,,50,50,50,50,6.979508337,
53A6,2czn,0,0,0,20,1,52,4,3,1,48,0,5,1,5,37,1,0,4,14,26,8,1,2,1,0,1,0,1,2,2,0,0,0,37,0,34.15059054,10.22172313,1.300345134,0,37,37,50,50,8.480278625,
53A6,2czn,0,0,0,20,1,52,4,3,1,48,0,5,1,5,37,1,0,4,14,26,8,1,2,1,0,1,0,1,2,2,0,0,0,37,0,34.15059054,10.22172313,1.300345134,,37,37,50,50,8.480278625,
53A6,2czn,0,0,0,20,1,52,4,3,1,48,0,5,1,5,37,1,0,4,14,26,8,1,2,1,0,1,0,1,2,2,0,0,0,37,0,34.15059054,10.22172313,1.300345134,,37,37,50,50,8.480278625,
53A6,2gb1,1,13,0,5,0,22,6,5,15,16,0,2,0,4,11,1,12,2,3,10,3,1,0,3,0,0,0,0,3,3,0,0,1,11,0,25.21320469,7.331037877,1.057237018,,25,25,29,29,6.74399347,
53A6,2gb1,1,13,0,5,0,22,6,5,15,16,0,2,0,4,11,1,12,2,3,10,3,1,0,3,0,0,0,0,3,3,0,0,1,11,0,25.21320469,7.331037877,1.057237018,,25,25,29,29,6.74399347,
53A6,2gb1,1,13,0,5,0,22,6,5,15,16,0,2,0,4,11,1,12,2,3,10,3,1,0,3,0,0,0,0,3,3,0,0,1,11,0,25.21320469,7.331037877,1.057237018,,25,25,29,29,6.74399347,
53A6,2gkt,0,10,0,5,1,7,7,6,13,13,0,3,1,3,9,2,9,3,9,3,1,0,1,4,0,1,0,0,2,1,0,0,3,9,0,21.41307335,7.481413426,1.014354842,,22,22,22,22,5.805603613,
53A6,2gkt,0,10,0,5,1,7,7,6,13,13,0,3,1,3,9,2,9,3,9,3,1,0,1,4,0,1,0,0,2,1,0,0,3,9,0,21.41307335,7.481413426,1.014354842,,22,22,22,22,5.805603613,
53A6,2gkt,0,10,0,5,1,7,7,6,13,13,0,3,1,3,9,2,9,3,9,3,1,0,1,4,0,1,0,0,2,1,0,0,3,9,0,21.41307335,7.481413426,1.014354842,,22,22,22,22,5.805603613,
53A6,2ovn,0,13,0,1,0,0,0,2,9,0,0,0,1,1,1,1,9,0,0,0,0,0,1,0,1,0,0,0,0,0,0,0,1,1,0,9.407786085,5.615045961,0.81106272,0,7,7,8,8,-0.855862266,2.4
53A6,2ovn,0,13,0,1,0,0,0,2,9,0,0,0,1,1,1,1,9,0,0,0,0,0,1,0,1,0,0,0,0,0,0,0,1,1,0,9.407786085,5.615045961,0.81106272,,7,7,8,8,-0.855862266,
53A6,2ovn,0,13,0,1,0,0,0,2,9,0,0,0,1,1,1,1,9,0,0,0,0,0,1,0,1,0,0,0,0,0,0,0,1,1,0,9.407786085,5.615045961,0.81106272,,7,7,8,8,-0.855862266,
53A6,2pne,0,0,0,9,0,0,6,1,0,6,2,52,0,3,14,0,0,0,6,0,0,0,1,0,0,0,0,52,2,0,2,0,1,14,0,22.47728671,10.91208601,1.318092793,,38,38,38,38,13.50580246,
53A6,2pne,0,0,0,9,0,0,6,1,0,6,2,52,0,3,14,0,0,0,6,0,0,0,1,0,0,0,0,52,2,0,2,0,1,14,0,22.47728671,10.91208601,1.318092793,,38,38,38,38,13.50580246,
53A6,2pne,0,0,0,9,0,0,6,1,0,6,2,52,0,3,14,0,0,0,6,0,0,0,1,0,0,0,0,52,2,0,2,0,1,14,0,22.47728671,10.91208601,1.318092793,,38,38,38,38,13.50580246,
53A6,2ppo,4,8,0,7,4,36,23,4,16,43,5,7,0,8,21,2,11,3,15,26,2,0,0,5,0,0,0,4,8,2,5,0,0,21,0,39.70684611,7.178652852,1.324809463,,62,62,63,63,7.344927509,
53A6,2ppo,4,8,0,7,4,36,23,4,16,43,5,7,0,8,21,2,11,3,15,26,2,0,0,5,0,0,0,4,8,2,5,0,0,21,0,39.70684611,7.178652852,1.324809463,,62,62,63,63,7.344927509,
53A6,2ppo,4,8,0,7,4,36,23,4,16,43,5,7,0,8,21,2,11,3,15,26,2,0,0,5,0,0,0,4,8,2,5,0,0,21,0,39.70684611,7.178652852,1.324809463,,62,62,63,63,7.344927509,
53A6,3ci2,0,11,0,5,5,6,12,2,11,5,1,4,0,5,33,1,11,2,4,1,0,4,0,0,0,0,0,2,1,1,1,0,0,33,0,20.00471268,11.80418667,1.071974841,0,26,26,29,29,8.361139002,2.1
53A6,3ci2,0,11,0,5,5,6,12,2,11,5,1,4,0,5,33,1,11,2,4,1,0,4,0,0,0,0,0,2,1,1,1,0,0,33,0,20.00471268,11.80418667,1.071974841,,26,26,29,29,8.361139002,
53A6,3ci2,0,11,0,5,5,6,12,2,11,5,1,4,0,5,33,1,11,2,4,1,0,4,0,0,0,0,0,2,1,1,1,0,0,33,0,20.00471268,11.80418667,1.071974841,,26,26,29,29,8.361139002,
53A6,3e7u,1,9,0,2,2,8,10,3,8,6,2,1,4,2,11,0,8,1,5,0,1,1,1,0,1,3,0,0,0,2,1,1,1,11,0,15.69451337,10.03807427,1.009864879,,20,20,22,22,5.719768938,
53A6,3e7u,1,9,0,2,2,8,10,3,8,6,2,1,4,2,11,0,8,1,5,0,1,1,1,0,1,3,0,0,0,2,1,1,1,11,0,15.69451337,10.03807427,1.009864879,,20,20,22,22,5.719768938,
53A6,3e7u,1,9,0,2,2,8,10,3,8,6,2,1,4,2,11,0,8,1,5,0,1,1,1,0,1,3,0,0,0,2,1,1,1,11,0,15.69451337,10.03807427,1.009864879,,20,20,22,22,5.719768938,
53A6,3wp5,5,18,0,26,2,120,14,14,22,112,3,9,2,9,53,7,12,5,28,64,20,0,4,10,1,1,0,4,5,3,0,3,4,53,0,59.80754944,12.17934968,1.619611044,,123,123,128,128,7.994383056,
53A6,3wp5,5,18,0,26,2,120,14,14,22,112,3,9,2,9,53,7,12,5,28,64,20,0,4,10,1,1,0,4,5,3,0,3,4,53,0,59.80754944,12.17934968,1.619611044,,123,123,128,128,7.994383056,
53A6,3wp5,5,18,0,26,2,120,14,14,22,112,3,9,2,9,53,7,12,5,28,64,20,0,4,10,1,1,0,4,5,3,0,3,4,53,0,59.80754944,12.17934968,1.619611044,,123,123,128,128,7.994383056,
53A6,4lfq,3,12,1,3,0,0,5,4,15,4,0,0,0,2,7,2,11,0,2,2,0,1,0,4,0,0,0,0,1,1,0,0,1,7,0,17.2119507,6.664618828,0.975635253,,17,17,17,17,1.968625227,
53A6,4lfq,3,12,1,3,0,0,5,4,15,4,0,0,0,2,7,2,11,0,2,2,0,1,0,4,0,0,0,0,1,1,0,0,1,7,0,17.2119507,6.664618828,0.975635253,,17,17,17,17,1.968625227,
53A6,4lfq,3,12,1,3,0,0,5,4,15,4,0,0,0,2,7,2,11,0,2,2,0,1,0,4,0,0,0,0,1,1,0,0,1,7,0,17.2119507,6.664618828,0.975635253,,17,17,17,17,1.968625227,
53A6,4mhp,19,106,4,35,9,47,29,28,126,71,7,17,0,18,56,13,105,3,37,32,2,1,4,21,0,0,0,14,13,9,4,3,6,56,0,90.99904208,16.87427789,1.913894628,,168,168,180,180,6.074345357,
53A6,4mhp,19,106,4,35,9,47,29,28,126,71,7,17,0,18,56,13,105,3,37,32,2,1,4,21,0,0,0,14,13,9,4,3,6,56,0,90.99904208,16.87427789,1.913894628,,168,168,180,180,6.074345357,
53A6,4mhp,19,106,4,35,9,47,29,28,126,71,7,17,0,18,56,13,105,3,37,32,2,1,4,21,0,0,0,14,13,9,4,3,6,56,0,90.99904208,16.87427789,1.913894628,,168,168,180,180,6.074345357,
54A7,1a19,2,39,3,6,0,15,12,9,36,12,1,1,1,7,19,3,34,0,2,10,0,3,0,2,0,1,0,1,4,4,1,0,2,19,0,29.81435331,8.560660098,1.224602709,,39,39,52,52,7.043503781,3
54A7,1a19,2,39,3,6,0,15,12,9,36,12,1,1,1,7,19,3,34,0,2,10,0,3,0,2,0,1,0,1,4,4,1,0,2,19,0,29.81435331,8.560660098,1.224602709,,39,39,52,52,7.043503781,
54A7,1a19,2,39,3,6,0,15,12,9,36,12,1,1,1,7,19,3,34,0,2,10,0,3,0,2,0,1,0,1,4,4,1,0,2,19,0,29.81435331,8.560660098,1.224602709,,39,39,52,52,7.043503781,
54A7,1aey,3,0,0,8,5,23,6,3,7,24,1,5,0,1,14,1,3,4,15,5,4,0,0,4,0,0,0,1,1,1,1,0,1,14,0,22.47105087,6.961497056,1.040469162,,29,29,33,33,5.693080911,
54A7,1aey,3,0,0,8,5,23,6,3,7,24,1,5,0,1,14,1,3,4,15,5,4,0,0,4,0,0,0,1,1,1,1,0,1,14,0,22.47105087,6.961497056,1.040469162,,29,29,33,33,5.693080911,
54A7,1aey,3,0,0,8,5,23,6,3,7,24,1,5,0,1,14,1,3,4,15,5,4,0,0,4,0,0,0,1,1,1,1,0,1,14,0,22.47105087,6.961497056,1.040469162,,29,29,33,33,5.693080911,
54A7,1afi,0,21,0,5,1,19,12,12,14,17,0,3,0,2,21,6,13,3,1,8,8,0,0,0,0,0,1,0,2,3,0,0,3,21,0,23.72476399,6.581759447,1.107827568,0,27,27,42,42,8.788434441,
54A7,1afi,0,21,0,5,1,19,12,12,14,17,0,3,0,2,21,6,13,3,1,8,8,0,0,0,0,0,1,0,2,3,0,0,3,21,0,23.72476399,6.581759447,1.107827568,,27,27,42,42,8.788434441,
54A7,1afi,0,21,0,5,1,19,12,12,14,17,0,3,0,2,21,6,13,3,1,8,8,0,0,0,0,0,1,0,2,3,0,0,3,21,0,23.72476399,6.581759447,1.107827568,,27,27,42,42,8.788434441,
54A7,1aki,17,39,0,11,6,8,26,20,47,13,6,3,4,17,16,6,37,1,6,6,1,1,4,8,2,2,2,2,12,9,5,1,5,16,0,43.61205875,8.648182279,1.41775994,0,63,63,68,68,6.196672961,1.2
54A7,1aki,17,39,0,11,6,8,26,20,47,13,6,3,4,17,16,6,37,1,6,6,1,1,4,8,2,2,2,2,12,9,5,1,5,16,0,43.61205875,8.648182279,1.41775994,,63,63,68,68,6.196672961,
54A7,1aki,17,39,0,11,6,8,26,20,47,13,6,3,4,17,16,6,37,1,6,6,1,1,4,8,2,2,2,2,12,9,5,1,5,16,0,43.61205875,8.648182279,1.41775994,,63,63,68,68,6.196672961,
54A7,1amm,11,5,0,32,14,56,14,13,15,64,4,13,4,9,49,7,4,10,22,31,11,0,1,11,0,4,0,3,8,1,4,0,5,49,0,49.6445545,13.8243753,1.671483443,,85,85,86,86,6.643201628,
54A7,1amm,11,5,0,32,14,56,14,13,15,64,4,13,4,9,49,7,4,10,22,31,11,0,1,11,0,4,0,3,8,1,4,0,5,49,0,49.6445545,13.8243753,1.671483443,,85,85,86,86,6.643201628,
54A7,1amm,11,5,0,32,14,56,14,13,15,64,4,13,4,9,49,7,4,10,22,31,11,0,1,11,0,4,0,3,8,1,4,0,5,49,0,49.6445545,13.8243753,1.671483443,,85,85,86,86,6.643201628,
54A7,1bta,3,37,0,8,0,16,13,8,38,9,0,3,0,9,19,4,33,2,4,3,2,4,0,4,0,0,1,1,5,2,0,0,2,19,0,32.33664028,8.419671843,1.197632077,,32,32,52,52,9.080061788,3.3
54A7,1bta,3,37,0,8,0,16,13,8,38,9,0,3,0,9,19,4,33,2,4,3,2,4,0,4,0,0,1,1,5,2,0,0,2,19,0,32.33664028,8.419671843,1.197632077,,32,32,52,52,9.080061788,
54A7,1bta,3,37,0,8,0,16,13,8,38,9,0,3,0,9,19,4,33,2,4,3,2,4,0,4,0,0,1,1,5,2,0,0,2,19,0,32.33664028,8.419671843,1.197632077,,32,32,52,52,9.080061788,
54A7,1d3z,6,12,0,3,2,23,12,9,16,28,1,4,1,8,6,3,11,1,5,21,2,0,2,5,0,1,0,3,6,5,1,0,1,6,0,34.93055525,5.688787955,1.213298919,0,40,40,42,42,5.40753164,0.9
54A7,1d3z,6,12,0,3,2,23,12,9,16,28,1,4,1,8,6,3,11,1,5,21,2,0,2,5,0,1,0,3,6,5,1,0,1,6,0,34.93055525,5.688787955,1.213298919,,40,40,42,42,5.40753164,
54A7,1d3z,6,12,0,3,2,23,12,9,16,28,1,4,1,8,6,3,11,1,5,21,2,0,2,5,0,1,0,3,6,5,1,0,1,6,0,34.93055525,5.688787955,1.213298919,,40,40,42,42,5.40753164,
54A7,1e8l,3,38,0,19,2,6,31,20,43,8,3,2,1,11,38,9,33,0,7,1,0,0,1,10,0,1,0,2,10,6,3,0,5,38,0,45.71154213,9.381329913,1.423474855,0,42,42,54,54,7.696140257,1.9
54A7,1e8l,3,38,0,19,2,6,31,20,43,8,3,2,1,11,38,9,33,0,7,1,0,0,1,10,0,1,0,2,10,6,3,0,5,38,0,45.71154213,9.381329913,1.423474855,,42,42,54,54,7.696140257,
54A7,1e8l,3,38,0,19,2,6,31,20,43,8,3,2,1,11,38,9,33,0,7,1,0,0,1,10,0,1,0,2,10,6,3,0,5,38,0,45.71154213,9.381329913,1.423474855,,42,42,54,54,7.696140257,
54A7,1ew4,0,33,0,8,1,33,14,7,35,32,0,4,2,10,13,4,31,3,6,26,0,0,2,4,0,2,0,1,8,3,0,0,0,13,0,40.48188514,6.263522062,1.336427345,,61,61,62,62,5.581044308,
54A7,1ew4,0,33,0,8,1,33,14,7,35,32,0,4,2,10,13,4,31,3,6,26,0,0,2,4,0,2,0,1,8,3,0,0,0,13,0,40.48188514,6.263522062,1.336427345,,61,61,62,62,5.581044308,
54A7,1ew4,0,33,0,8,1,33,14,7,35,32,0,4,2,10,13,4,31,3,6,26,0,0,2,4,0,2,0,1,8,3,0,0,0,13,0,40.48188514,6.263522062,1.336427345,,61,61,62,62,5.581044308,
54A7,1faz,12,70,0,5,0,0,14,23,67,3,0,1,1,6,18,11,65,0,2,0,1,2,0,2,1,0,0,1,4,6,0,0,6,18,0,37.47826474,15.50896714,1.436827379,,74,74,81,81,6.169145208,
54A7,1faz,12,70,0,5,0,0,14,23,67,3,0,1,1,6,18,11,65,0,2,0,1,2,0,2,1,0,0,1,4,6,0,0,6,18,0,37.47826474,15.50896714,1.436827379,,74,74,81,81,6.169145208,
54A7,1faz,12,70,0,5,0,0,14,23,67,3,0,1,1,6,18,11,65,0,2,0,1,2,0,2,1,0,0,1,4,6,0,0,6,18,0,37.47826474,15.50896714,1.436827379,,74,74,81,81,6.169145208,
54A7,1fl0,11,4,0,18,4,57,27,20,11,60,6,16,2,12,34,10,4,4,34,22,4,2,4,7,0,2,0,12,6,7,4,2,3,34,0,53.94671799,10.34014999,1.52720675,,71,71,73,73,13401.51608,
54A7,1fl0,11,4,0,18,4,57,27,20,11,60,6,16,2,12,34,10,4,4,34,22,4,2,4,7,0,2,0,12,6,7,4,2,3,34,0,53.94671799,10.34014999,1.52720675,,71,71,73,73,13401.422,
54A7,1fl0,11,4,0,18,4,57,27,20,11,60,6,16,2,12,34,10,4,4,34,22,4,2,4,7,0,2,0,12,6,7,4,2,3,34,0,53.94671799,10.34014999,1.52720675,,71,71,73,73,13401.422,
54A7,1it5,14,70,0,4,0,0,13,23,66,3,0,1,1,6,19,12,64,0,2,0,1,2,0,2,1,0,0,1,4,6,0,0,5,19,0,37.30047449,15.61593384,1.438588385,,72,72,80,80,5.863567298,
54A7,1it5,14,70,0,4,0,0,13,23,66,3,0,1,1,6,19,12,64,0,2,0,1,2,0,2,1,0,0,1,4,6,0,0,5,19,0,37.30047449,15.61593384,1.438588385,,72,72,80,80,5.863567298,
54A7,1it5,14,70,0,4,0,0,13,23,66,3,0,1,1,6,19,12,64,0,2,0,1,2,0,2,1,0,0,1,4,6,0,0,5,19,0,37.30047449,15.61593384,1.438588385,,72,72,80,80,5.863567298,
54A7,1mjc,3,0,0,5,4,28,11,6,4,30,1,5,1,7,12,3,1,2,12,12,6,1,0,3,0,1,0,3,6,2,1,0,1,12,0,27.55387389,7.482621076,1.094653991,,36,36,36,36,9.138135874,
54A7,1mjc,3,0,0,5,4,28,11,6,4,30,1,5,1,7,12,3,1,2,12,12,6,1,0,3,0,1,0,3,6,2,1,0,1,12,0,27.55387389,7.482621076,1.094653991,,36,36,36,36,9.138135874,
54A7,1mjc,3,0,0,5,4,28,11,6,4,30,1,5,1,7,12,3,1,2,12,12,6,1,0,3,0,1,0,3,6,2,1,0,1,12,0,27.55387389,7.482621076,1.094653991,,36,36,36,36,9.138135874,
54A7,1mvg,1,15,0,12,0,74,9,4,15,62,1,5,2,3,30,2,12,2,14,30,18,0,0,3,2,0,0,3,3,1,1,0,1,30,0,43.06903733,9.707846523,1.419850843,0,65,65,71,71,7.3347115,2
54A7,1mvg,1,15,0,12,0,74,9,4,15,62,1,5,2,3,30,2,12,2,14,30,18,0,0,3,2,0,0,3,3,1,1,0,1,30,0,43.06903733,9.707846523,1.419850843,,65,65,71,71,7.3347115,
54A7,1mvg,1,15,0,12,0,74,9,4,15,62,1,5,2,3,30,2,12,2,14,30,18,0,0,3,2,0,0,3,3,1,1,0,1,30,0,43.06903733,9.707846523,1.419850843,,65,65,71,71,7.3347115,
54A7,1ng6,6,109,0,5,0,0,11,11,107,6,2,3,0,7,9,7,101,1,5,0,1,1,0,6,0,0,0,2,6,3,1,1,1,9,0,55.92178137,13.92398872,1.785104204,,109,109,113,113,5.588106953,
54A7,1ng6,6,109,0,5,0,0,11,11,107,6,2,3,0,7,9,7,101,1,5,0,1,1,0,6,0,0,0,2,6,3,1,1,1,9,0,55.92178137,13.92398872,1.785104204,,109,109,113,113,5.588106953,
54A7,1ng6,6,109,0,5,0,0,11,11,107,6,2,3,0,7,9,7,101,1,5,0,1,1,0,6,0,0,0,2,6,3,1,1,1,9,0,55.92178137,13.92398872,1.785104204,,109,109,113,113,5.588106953,
54A7,1pgb,0,14,0,4,0,24,6,4,16,17,0,1,0,4,11,3,12,1,0,12,5,0,1,3,0,0,1,0,3,1,0,0,0,11,0,22.61091434,5.366681136,1.056682854,,35,35,36,36,7.756785854,
54A7,1pgb,0,14,0,4,0,24,6,4,16,17,0,1,0,4,11,3,12,1,0,12,5,0,1,3,0,0,1,0,3,1,0,0,0,11,0,22.61091434,5.366681136,1.056682854,,35,35,36,36,7.756785854,
54A7,1pgb,0,14,0,4,0,24,6,4,16,17,0,1,0,4,11,3,12,1,0,12,5,0,1,3,0,0,1,0,3,1,0,0,0,11,0,22.61091434,5.366681136,1.056682854,,35,35,36,36,7.756785854,
54A7,1qk8,12,39,0,8,2,30,27,23,47,27,5,7,1,9,21,6,41,4,9,15,3,0,1,6,1,0,0,3,8,10,2,3,7,21,0,48.10702218,8.554558185,1.401819721,,77,77,82,82,111514.7562,
54A7,1qk8,12,39,0,8,2,30,27,23,47,27,5,7,1,9,21,6,41,4,9,15,3,0,1,6,1,0,0,3,8,10,2,3,7,21,0,48.10702218,8.554558185,1.401819721,,77,77,82,82,111514.7562,
54A7,1qk8,12,39,0,8,2,30,27,23,47,27,5,7,1,9,21,6,41,4,9,15,3,0,1,6,1,0,0,3,8,10,2,3,7,21,0,48.10702218,8.554558185,1.401819721,,77,77,82,82,111514.7562,
54A7,1qqv,5,25,0,13,0,0,6,8,24,6,1,2,0,2,21,5,22,0,4,1,1,0,0,2,0,0,0,2,2,1,1,0,2,21,0,28.893232,8.104978703,1.170023541,0,15,15,21,21,7.058548348,1.9
54A7,1qqv,5,25,0,13,0,0,6,8,24,6,1,2,0,2,21,5,22,0,4,1,1,0,0,2,0,0,0,2,2,1,1,0,2,21,0,28.893232,8.104978703,1.170023541,,15,15,21,21,7.058548348,
54A7,1qqv,5,25,0,13,0,0,6,8,24,6,1,2,0,2,21,5,22,0,4,1,1,0,0,2,0,0,0,2,2,1,1,0,2,21,0,28.893232,8.104978703,1.170023541,,15,15,21,21,7.058548348,
54A7,1shg,3,0,0,5,5,23,6,4,6,27,2,4,0,1,10,3,1,4,11,16,0,0,0,5,0,0,0,0,1,0,1,1,1,10,0,24.90257685,6.752354088,1.048171361,,29,29,29,29,7.083362426,
54A7,1shg,3,0,0,5,5,23,6,4,6,27,2,4,0,1,10,3,1,4,11,16,0,0,0,5,0,0,0,0,1,0,1,1,1,10,0,24.90257685,6.752354088,1.048171361,,29,29,29,29,7.083362426,
54A7,1shg,3,0,0,5,5,23,6,4,6,27,2,4,0,1,10,3,1,4,11,16,0,0,0,5,0,0,0,0,1,0,1,1,1,10,0,24.90257685,6.752354088,1.048171361,,29,29,29,29,7.083362426,
54A7,1t2i,3,11,0,13,0,21,18,12,15,26,5,5,2,5,23,3,10,1,12,14,0,1,0,5,1,1,0,4,4,3,4,1,6,23,0,30.38235013,10.90831976,1.256005553,,41,41,43,43,6.139433351,
54A7,1t2i,3,11,0,13,0,21,18,12,15,26,5,5,2,5,23,3,10,1,12,14,0,1,0,5,1,1,0,4,4,3,4,1,6,23,0,30.38235013,10.90831976,1.256005553,,41,41,43,43,6.139433351,
54A7,1t2i,3,11,0,13,0,21,18,12,15,26,5,5,2,5,23,3,10,1,12,14,0,1,0,5,1,1,0,4,4,3,4,1,6,23,0,30.38235013,10.90831976,1.256005553,,41,41,43,43,6.139433351,
54A7,1tua,14,101,0,6,0,34,16,18,100,33,3,4,3,10,15,7,90,0,8,25,0,0,2,10,1,2,0,4,8,6,3,0,5,15,0,65.19585252,18.87429868,1.898726672,,130,130,134,134,5.448035662,
54A7,1tua,14,101,0,6,0,34,16,18,100,33,3,4,3,10,15,7,90,0,8,25,0,0,2,10,1,2,0,4,8,6,3,0,5,15,0,65.19585252,18.87429868,1.898726672,,130,130,134,134,5.448035662,
54A7,1tua,14,101,0,6,0,34,16,18,100,33,3,4,3,10,15,7,90,0,8,25,0,0,2,10,1,2,0,4,8,6,3,0,5,15,0,65.19585252,18.87429868,1.898726672,,130,130,134,134,5.448035662,
54A7,1tvq,0,14,0,3,1,71,18,7,16,71,1,4,4,11,8,2,12,3,14,55,2,0,7,4,2,2,0,1,4,4,1,0,1,8,0,43.63407091,8.584911379,1.406393485,0,77,77,80,80,7.264660157,2.3
54A7,1tvq,0,14,0,3,1,71,18,7,16,71,1,4,4,11,8,2,12,3,14,55,2,0,7,4,2,2,0,1,4,4,1,0,1,8,0,43.63407091,8.584911379,1.406393485,,77,77,80,80,7.264660157,
54A7,1tvq,0,14,0,3,1,71,18,7,16,71,1,4,4,11,8,2,12,3,14,55,2,0,7,4,2,2,0,1,4,4,1,0,1,8,0,43.63407091,8.584911379,1.406393485,,77,77,80,80,7.264660157,
54A7,1ubi,6,12,0,3,2,23,12,6,17,23,1,4,1,9,12,2,14,1,5,18,0,1,2,3,0,1,0,3,6,3,1,0,1,12,0,34.26408594,5.444517428,1.19046661,0,39,39,43,43,5.369359961,0.9
54A7,1ubi,6,12,0,3,2,23,12,6,17,23,1,4,1,9,12,2,14,1,5,18,0,1,2,3,0,1,0,3,6,3,1,0,1,12,0,34.26408594,5.444517428,1.19046661,,39,39,43,43,5.369359961,
54A7,1ubi,6,12,0,3,2,23,12,6,17,23,1,4,1,9,12,2,14,1,5,18,0,1,2,3,0,1,0,3,6,3,1,0,1,12,0,34.26408594,5.444517428,1.19046661,,39,39,43,43,5.369359961,
54A7,1ucs,9,4,0,7,6,10,8,7,6,20,5,8,0,4,11,4,3,0,18,1,1,0,0,3,0,0,0,8,4,2,4,1,1,11,0,20.42672782,8.933722811,1.069329607,,29,29,32,32,7.488429639,
54A7,1ucs,9,4,0,7,6,10,8,7,6,20,5,8,0,4,11,4,3,0,18,1,1,0,0,3,0,0,0,8,4,2,4,1,1,11,0,20.42672782,8.933722811,1.069329607,,29,29,32,32,7.488429639,
54A7,1ucs,9,4,0,7,6,10,8,7,6,20,5,8,0,4,11,4,3,0,18,1,1,0,0,3,0,0,0,8,4,2,4,1,1,11,0,20.42672782,8.933722811,1.069329607,,29,29,32,32,7.488429639,
54A7,1ulr,1,24,0,8,0,33,5,4,25,24,0,1,0,8,22,1,21,1,6,17,1,1,1,4,0,0,0,0,6,2,0,0,1,22,0,30.49361473,9.124461802,1.207204774,,52,52,53,53,7.612637402,
54A7,1ulr,1,24,0,8,0,33,5,4,25,24,0,1,0,8,22,1,21,1,6,17,1,1,1,4,0,0,0,0,6,2,0,0,1,22,0,30.49361473,9.124461802,1.207204774,,52,52,53,53,7.612637402,
54A7,1ulr,1,24,0,8,0,33,5,4,25,24,0,1,0,8,22,1,21,1,6,17,1,1,1,4,0,0,0,0,6,2,0,0,1,22,0,30.49361473,9.124461802,1.207204774,,52,52,53,53,7.612637402,
54A7,1uxz,3,0,0,13,4,70,10,7,7,65,5,10,1,8,25,3,0,5,19,34,12,0,1,7,0,1,0,5,7,2,4,1,2,25,0,36.89598406,9.904046624,1.368042533,,70,70,70,70,188390.7955,
54A7,1uxz,3,0,0,13,4,70,10,7,7,65,5,10,1,8,25,3,0,5,19,34,12,0,1,7,0,1,0,5,7,2,4,1,2,25,0,36.89598406,9.904046624,1.368042533,,70,70,70,70,188390.7955,
54A7,1uxz,3,0,0,13,4,70,10,7,7,65,5,10,1,8,25,3,0,5,19,34,12,0,1,7,0,1,0,5,7,2,4,1,2,25,0,36.89598406,9.904046624,1.368042533,,70,70,70,70,188390.7955,
54A7,1yu5,7,30,0,8,0,0,5,9,32,7,1,3,0,2,10,3,25,0,6,0,1,0,0,7,0,0,0,3,2,5,0,1,1,10,0,27.1714303,9.134755559,1.175759795,,28,28,33,33,5.310056797,1.3
54A7,1yu5,7,30,0,8,0,0,5,9,32,7,1,3,0,2,10,3,25,0,6,0,1,0,0,7,0,0,0,3,2,5,0,1,1,10,0,27.1714303,9.134755559,1.175759795,,28,28,33,33,5.310056797,
54A7,1yu5,7,30,0,8,0,0,5,9,32,7,1,3,0,2,10,3,25,0,6,0,1,0,0,7,0,0,0,3,2,5,0,1,1,10,0,27.1714303,9.134755559,1.175759795,,28,28,33,33,5.310056797,
54A7,1zlm,3,0,0,7,5,23,6,4,6,27,3,3,1,2,9,1,1,2,12,10,5,0,0,5,0,1,0,1,2,2,1,2,1,9,0,25.1290997,6.850723277,1.045279965,,30,30,30,30,5.22758,
54A7,1zlm,3,0,0,7,5,23,6,4,6,27,3,3,1,2,9,1,1,2,12,10,5,0,0,5,0,1,0,1,2,2,1,2,1,9,0,25.1290997,6.850723277,1.045279965,,30,30,30,30,5.22758,
54A7,1zlm,3,0,0,7,5,23,6,4,6,27,3,3,1,2,9,1,1,2,12,10,5,0,0,5,0,1,0,1,2,2,1,2,1,9,0,25.1290997,6.850723277,1.045279965,,30,30,30,30,5.22758,
54A7,1zvg,1,10,0,12,2,18,7,4,11,23,0,4,0,6,15,1,9,2,14,6,3,0,2,2,0,0,0,2,4,3,0,0,0,15,0,23.9121513,8.001727963,1.115814167,,28,28,28,28,4.9478425,
54A7,1zvg,1,10,0,12,2,18,7,4,11,23,0,4,0,6,15,1,9,2,14,6,3,0,2,2,0,0,0,2,4,3,0,0,0,15,0,23.9121513,8.001727963,1.115814167,,28,28,28,28,4.9478425,
54A7,1zvg,1,10,0,12,2,18,7,4,11,23,0,4,0,6,15,1,9,2,14,6,3,0,2,2,0,0,0,2,4,3,0,0,0,15,0,23.9121513,8.001727963,1.115814167,,28,28,28,28,4.9478425,
54A7,2af8,0,43,0,10,0,0,8,7,40,1,1,1,0,1,32,5,35,1,0,0,1,1,0,4,0,0,1,0,0,1,0,1,1,32,0,30.71399264,14.90088553,1.292748093,,27,27,44,44,8.590983204,
54A7,2af8,0,43,0,10,0,0,8,7,40,1,1,1,0,1,32,5,35,1,0,0,1,1,0,4,0,0,1,0,0,1,0,1,1,32,0,30.71399264,14.90088553,1.292748093,,27,27,44,44,8.590983204,
54A7,2af8,0,43,0,10,0,0,8,7,40,1,1,1,0,1,32,5,35,1,0,0,1,1,0,4,0,0,1,0,0,1,0,1,1,32,0,30.71399264,14.90088553,1.292748093,,27,27,44,44,8.590983204,
54A7,2cwr,0,0,0,12,1,59,8,1,2,49,4,7,1,5,25,0,0,3,6,36,7,1,3,2,0,1,0,4,1,0,2,2,1,25,0,32.18659699,8.899569912,1.298606631,0,50,50,50,50,7.495508771,
54A7,2cwr,0,0,0,12,1,59,8,1,2,49,4,7,1,5,25,0,0,3,6,36,7,1,3,2,0,1,0,4,1,0,2,2,1,25,0,32.18659699,8.899569912,1.298606631,,50,50,50,50,7.495508771,
54A7,2cwr,0,0,0,12,1,59,8,1,2,49,4,7,1,5,25,0,0,3,6,36,7,1,3,2,0,1,0,4,1,0,2,2,1,25,0,32.18659699,8.899569912,1.298606631,,50,50,50,50,7.495508771,
54A7,2czn,0,0,0,20,1,52,4,3,1,48,0,5,1,5,37,1,0,4,14,26,8,1,2,1,0,1,0,1,2,2,0,0,0,37,0,35.24855077,10.03621639,1.300345134,0,37,37,50,50,9.191698493,
54A7,2czn,0,0,0,20,1,52,4,3,1,48,0,5,1,5,37,1,0,4,14,26,8,1,2,1,0,1,0,1,2,2,0,0,0,37,0,35.24855077,10.03621639,1.300345134,,37,37,50,50,9.191698493,
54A7,2czn,0,0,0,20,1,52,4,3,1,48,0,5,1,5,37,1,0,4,14,26,8,1,2,1,0,1,0,1,2,2,0,0,0,37,0,35.24855077,10.03621639,1.300345134,,37,37,50,50,9.191698493,
54A7,2gb1,1,13,0,5,0,22,6,5,15,16,0,2,0,4,11,1,12,2,3,10,3,1,0,3,0,0,0,0,3,3,0,0,1,11,0,24.10517279,6.849155873,1.057237018,,25,25,29,29,7.212424733,
54A7,2gb1,1,13,0,5,0,22,6,5,15,16,0,2,0,4,11,1,12,2,3,10,3,1,0,3,0,0,0,0,3,3,0,0,1,11,0,24.10517279,6.849155873,1.057237018,,25,25,29,29,7.212424733,
54A7,2gb1,1,13,0,5,0,22,6,5,15,16,0,2,0,4,11,1,12,2,3,10,3,1,0,3,0,0,0,0,3,3,0,0,1,11,0,24.10517279,6.849155873,1.057237018,,25,25,29,29,7.212424733,
54A7,2gkt,0,10,0,4,1,8,7,6,13,13,0,3,1,3,9,2,9,3,9,3,1,0,1,4,0,1,0,0,2,1,0,0,3,9,0,21.14632526,7.763610891,1.014354842,,22,22,22,22,6.133989721,
54A7,2gkt,0,10,0,4,1,8,7,6,13,13,0,3,1,3,9,2,9,3,9,3,1,0,1,4,0,1,0,0,2,1,0,0,3,9,0,21.14632526,7.763610891,1.014354842,,22,22,22,22,6.133989721,
54A7,2gkt,0,10,0,4,1,8,7,6,13,13,0,3,1,3,9,2,9,3,9,3,1,0,1,4,0,1,0,0,2,1,0,0,3,9,0,21.14632526,7.763610891,1.014354842,,22,22,22,22,6.133989721,
54A7,2j8b,6,8,0,6,0,25,9,7,13,30,3,5,1,3,13,3,7,3,10,14,6,0,2,6,1,0,0,2,1,2,1,2,2,13,0,28.17963278,10.24015705,1.168904601,,35,35,36,36,64563.63407,
54A7,2j8b,6,8,0,6,0,25,9,7,13,30,3,5,1,3,13,3,7,3,10,14,6,0,2,6,1,0,0,2,1,2,1,2,2,13,0,28.17963278,10.24015705,1.168904601,,35,35,36,36,64563.63407,
54A7,2j8b,6,8,0,6,0,25,9,7,13,30,3,5,1,3,13,3,7,3,10,14,6,0,2,6,1,0,0,2,1,2,1,2,2,13,0,28.17963278,10.24015705,1.168904601,,35,35,36,36,64563.63407,
54A7,2nls,0,7,0,2,1,10,7,3,7,7,0,5,2,1,8,1,5,2,3,3,1,0,0,2,0,2,0,3,1,1,0,0,1,8,0,15.05580367,9.486856922,0.975620046,,16,16,16,16,4.947456854,
54A7,2nls,0,7,0,2,1,10,7,3,7,7,0,5,2,1,8,1,5,2,3,3,1,0,0,2,0,2,0,3,1,1,0,0,1,8,0,15.05580367,9.486856922,0.975620046,,16,16,16,16,4.947456854,
54A7,2nls,0,7,0,2,1,10,7,3,7,7,0,5,2,1,8,1,5,2,3,3,1,0,0,2,0,2,0,3,1,1,0,0,1,8,0,15.05580367,9.486856922,0.975620046,,16,16,16,16,4.947456854,
54A7,2ovn,0,13,0,1,0,0,0,2,9,0,0,0,1,1,1,1,9,0,0,0,0,0,1,0,1,0,0,0,0,0,0,0,1,1,0,9.137465732,5.704644331,0.81106272,0,7,7,8,8,2.658269549,2.4
54A7,2ovn,0,13,0,1,0,0,0,2,9,0,0,0,1,1,1,1,9,0,0,0,0,0,1,0,1,0,0,0,0,0,0,0,1,1,0,9.137465732,5.704644331,0.81106272,,7,7,8,8,2.658269549,
54A7,2ovn,0,13,0,1,0,0,0,2,9,0,0,0,1,1,1,1,9,0,0,0,0,0,1,0,1,0,0,0,0,0,0,0,1,1,0,9.137465732,5.704644331,0.81106272,,7,7,8,8,2.658269549,
54A7,2pnd,6,0,0,8,3,58,15,7,4,67,4,7,0,7,20,3,1,6,22,41,4,0,3,3,0,0,0,1,4,2,4,0,2,20,0,50.16994298,7.122967813,1.505581245,,61,61,61,61,5.371439754,
54A7,2pnd,6,0,0,8,3,58,15,7,4,67,4,7,0,7,20,3,1,6,22,41,4,0,3,3,0,0,0,1,4,2,4,0,2,20,0,50.16994298,7.122967813,1.505581245,,61,61,61,61,5.371439754,
54A7,2pnd,6,0,0,8,3,58,15,7,4,67,4,7,0,7,20,3,1,6,22,41,4,0,3,3,0,0,0,1,4,2,4,0,2,20,0,50.16994298,7.122967813,1.505581245,,61,61,61,61,5.371439754,
54A7,2pne,0,0,0,9,0,0,6,1,0,6,2,52,0,3,14,0,0,0,6,0,0,0,1,0,0,0,0,52,2,0,2,0,1,14,0,23.18361785,11.08085988,1.318092793,,38,38,38,38,13.87396201,
54A7,2pne,0,0,0,9,0,0,6,1,0,6,2,52,0,3,14,0,0,0,6,0,0,0,1,0,0,0,0,52,2,0,2,0,1,14,0,23.18361785,11.08085988,1.318092793,,38,38,38,38,13.87396201,
54A7,2pne,0,0,0,9,0,0,6,1,0,6,2,52,0,3,14,0,0,0,6,0,0,0,1,0,0,0,0,52,2,0,2,0,1,14,0,23.18361785,11.08085988,1.318092793,,38,38,38,38,13.87396201,
54A7,2ppo,4,8,0,7,4,36,23,4,16,43,5,7,0,8,21,2,11,3,15,26,2,0,0,5,0,0,0,4,8,2,5,0,0,21,0,38.81130505,7.353998811,1.32480734,,62,62,63,63,7.803387425,
54A7,2ppo,4,8,0,7,4,36,23,4,16,43,5,7,0,8,21,2,11,3,15,26,2,0,0,5,0,0,0,4,8,2,5,0,0,21,0,38.81130505,7.353998811,1.32480734,,62,62,63,63,7.803387425,
54A7,2ppo,4,8,0,7,4,36,23,4,16,43,5,7,0,8,21,2,11,3,15,26,2,0,0,5,0,0,0,4,8,2,5,0,0,21,0,38.81130505,7.353998811,1.32480734,,62,62,63,63,7.803387425,
54A7,2pth,13,74,0,10,0,41,23,26,72,42,2,6,4,10,28,9,65,4,17,23,2,0,5,7,1,3,0,2,5,9,2,0,8,28,0,55.4573142,13.74879217,1.590379455,,117,117,122,122,7.709372588,
54A7,2pth,13,74,0,10,0,41,23,26,72,42,2,6,4,10,28,9,65,4,17,23,2,0,5,7,1,3,0,2,5,9,2,0,8,28,0,55.4573142,13.74879217,1.590379455,,117,117,122,122,7.709372588,
54A7,2pth,13,74,0,10,0,41,23,26,72,42,2,6,4,10,28,9,65,4,17,23,2,0,5,7,1,3,0,2,5,9,2,0,8,28,0,55.4573142,13.74879217,1.590379455,,117,117,122,122,7.709372588,
54A7,2rb8,0,0,0,7,2,43,10,5,3,47,2,12,1,4,16,2,0,6,12,31,4,0,1,3,0,1,0,6,3,2,1,1,1,16,0,34.01341357,9.785345519,1.344253675,,42,42,42,42,335390.5044,
54A7,2rb8,0,0,0,7,2,43,10,5,3,47,2,12,1,4,16,2,0,6,12,31,4,0,1,3,0,1,0,6,3,2,1,1,1,16,0,34.01341357,9.785345519,1.344253675,,42,42,42,42,335390.5044,
54A7,2rb8,0,0,0,7,2,43,10,5,3,47,2,12,1,4,16,2,0,6,12,31,4,0,1,3,0,1,0,6,3,2,1,1,1,16,0,34.01341357,9.785345519,1.344253675,,42,42,42,42,335390.5044,
54A7,2wlw,5,20,0,16,8,44,26,16,23,45,5,15,1,10,46,5,17,10,17,24,4,2,1,6,0,1,0,5,7,6,5,0,5,46,0,48.28342481,10.11935928,1.458222915,,83,83,90,90,348082.6144,
54A7,2wlw,5,20,0,16,8,44,26,16,23,45,5,15,1,10,46,5,17,10,17,24,4,2,1,6,0,1,0,5,7,6,5,0,5,46,0,48.28342481,10.11935928,1.458222915,,83,83,90,90,348082.6144,
54A7,2wlw,5,20,0,16,8,44,26,16,23,45,5,15,1,10,46,5,17,10,17,24,4,2,1,6,0,1,0,5,7,6,5,0,5,46,0,48.28342481,10.11935928,1.458222915,,83,83,90,90,348082.6144,
54A7,2yxf,0,0,0,9,1,48,12,7,8,57,1,5,1,3,14,4,0,0,14,37,6,0,3,8,0,1,0,5,0,1,0,1,2,14,0,40.75645117,11.09649175,1.450803982,,45,45,45,45,134674.3324,
54A7,2yxf,0,0,0,9,1,48,12,7,8,57,1,5,1,3,14,4,0,0,14,37,6,0,3,8,0,1,0,5,0,1,0,1,2,14,0,40.75645117,11.09649175,1.450803982,,45,45,45,45,134674.3324,
54A7,2yxf,0,0,0,9,1,48,12,7,8,57,1,5,1,3,14,4,0,0,14,37,6,0,3,8,0,1,0,5,0,1,0,1,2,14,0,40.75645117,11.09649175,1.450803982,,45,45,45,45,134674.3324,
54A7,3ca7,0,6,0,3,1,18,9,4,5,21,2,5,2,5,3,0,4,1,10,9,2,0,2,1,0,2,0,4,3,2,1,1,2,3,0,19.89867236,13.62606571,1.168835919,,20,20,20,20,720305.5496,
54A7,3ca7,0,6,0,3,1,18,9,4,5,21,2,5,2,5,3,0,4,1,10,9,2,0,2,1,0,2,0,4,3,2,1,1,2,3,0,19.89867236,13.62606571,1.168835919,,20,20,20,20,720305.5496,
54A7,3ca7,0,6,0,3,1,18,9,4,5,21,2,5,2,5,3,0,4,1,10,9,2,0,2,1,0,2,0,4,3,2,1,1,2,3,0,19.89867236,13.62606571,1.168835919,,20,20,20,20,720305.5496,
54A7,3ci2,0,11,0,5,5,6,12,2,11,5,1,4,0,5,33,1,11,2,4,1,0,4,0,0,0,0,0,2,1,1,1,0,0,33,0,20.77623018,12.0255854,1.072005819,0,26,26,29,29,8.90105908,2.1
54A7,3ci2,0,11,0,5,5,6,12,2,11,5,1,4,0,5,33,1,11,2,4,1,0,4,0,0,0,0,0,2,1,1,1,0,0,33,0,20.77623018,12.0255854,1.072005819,,26,26,29,29,8.90105908,
54A7,3ci2,0,11,0,5,5,6,12,2,11,5,1,4,0,5,33,1,11,2,4,1,0,4,0,0,0,0,0,2,1,1,1,0,0,33,0,20.77623018,12.0255854,1.072005819,,26,26,29,29,8.90105908,
54A7,3e7u,1,9,0,2,2,8,10,3,8,6,2,1,4,2,11,0,8,1,5,0,1,1,1,0,1,3,0,0,0,2,1,1,1,11,0,15.36685134,9.370706191,1.009864879,,20,20,22,22,6.096414864,
54A7,3e7u,1,9,0,2,2,8,10,3,8,6,2,1,4,2,11,0,8,1,5,0,1,1,1,0,1,3,0,0,0,2,1,1,1,11,0,15.36685134,9.370706191,1.009864879,,20,20,22,22,6.096414864,
54A7,3e7u,1,9,0,2,2,8,10,3,8,6,2,1,4,2,11,0,8,1,5,0,1,1,1,0,1,3,0,0,0,2,1,1,1,11,0,15.36685134,9.370706191,1.009864879,,20,20,22,22,6.096414864,
54A7,3eye,8,53,0,8,6,30,19,15,54,38,3,12,1,11,16,6,45,7,15,22,1,1,0,9,1,0,0,5,10,7,2,1,2,16,0,51.20927129,9.707260673,1.494534396,,89,89,93,93,91966.64281,
54A7,3eye,8,53,0,8,6,30,19,15,54,38,3,12,1,11,16,6,45,7,15,22,1,1,0,9,1,0,0,5,10,7,2,1,2,16,0,51.20927129,9.707260673,1.494534396,,89,89,93,93,91966.64281,
54A7,3eye,8,53,0,8,6,30,19,15,54,38,3,12,1,11,16,6,45,7,15,22,1,1,0,9,1,0,0,5,10,7,2,1,2,16,0,51.20927129,9.707260673,1.494534396,,89,89,93,93,91966.64281,
54A7,3wp5,5,18,0,26,2,120,14,14,22,112,3,9,2,9,53,7,12,5,28,64,20,0,4,10,1,1,0,4,5,3,0,3,4,53,0,58.93939796,11.77140333,1.619611044,,123,123,128,128,8.457905736,
54A7,3wp5,5,18,0,26,2,120,14,14,22,112,3,9,2,9,53,7,12,5,28,64,20,0,4,10,1,1,0,4,5,3,0,3,4,53,0,58.93939796,11.77140333,1.619611044,,123,123,128,128,8.457905736,
54A7,3wp5,5,18,0,26,2,120,14,14,22,112,3,9,2,9,53,7,12,5,28,64,20,0,4,10,1,1,0,4,5,3,0,3,4,53,0,58.93939796,11.77140333,1.619611044,,123,123,128,128,8.457905736,
54A7,4lfq,3,12,1,3,0,0,5,4,15,4,0,0,0,2,7,2,11,0,2,2,0,1,0,4,0,0,0,0,1,1,0,0,1,7,0,17.39041724,6.669657585,0.975635253,,17,17,17,17,2.326648639,
54A7,4lfq,3,12,1,3,0,0,5,4,15,4,0,0,0,2,7,2,11,0,2,2,0,1,0,4,0,0,0,0,1,1,0,0,1,7,0,17.39041724,6.669657585,0.975635253,,17,17,17,17,2.326648639,
54A7,4lfq,3,12,1,3,0,0,5,4,15,4,0,0,0,2,7,2,11,0,2,2,0,1,0,4,0,0,0,0,1,1,0,0,1,7,0,17.39041724,6.669657585,0.975635253,,17,17,17,17,2.326648639,
54A7,4mhp,19,106,4,35,9,47,29,28,126,71,7,17,0,18,56,13,105,3,37,32,2,1,4,21,0,0,0,14,13,9,4,3,6,56,0,87.23111096,16.22321384,1.913894628,,168,168,180,180,6.437546431,
54A7,4mhp,19,106,4,35,9,47,29,28,126,71,7,17,0,18,56,13,105,3,37,32,2,1,4,21,0,0,0,14,13,9,4,3,6,56,0,87.23111096,16.22321384,1.913894628,,168,168,180,180,6.437546431,
54A7,4mhp,19,106,4,35,9,47,29,28,126,71,7,17,0,18,56,13,105,3,37,32,2,1,4,21,0,0,0,14,13,9,4,3,6,56,0,87.23111096,16.22321384,1.913894628,,168,168,180,180,6.437546431,
54A7,4rwu,0,50,0,3,0,0,12,10,47,2,1,2,0,3,13,6,41,1,2,0,0,0,0,6,0,0,0,1,3,3,1,0,1,13,0,35.96548444,8.247327145,1.279167488,,48,48,50,50,1651049.504,
54A7,4rwu,0,50,0,3,0,0,12,10,47,2,1,2,0,3,13,6,41,1,2,0,0,0,0,6,0,0,0,1,3,3,1,0,1,13,0,35.96548444,8.247327145,1.279167488,,48,48,50,50,1651049.504,
54A7,4rwu,0,50,0,3,0,0,12,10,47,2,1,2,0,3,13,6,41,1,2,0,0,0,0,6,0,0,0,1,3,3,1,0,1,13,0,35.96548444,8.247327145,1.279167488,,48,48,50,50,1651049.504,
54A8,1a19,2,39,3,6,0,15,12,9,36,12,1,1,1,7,19,3,34,0,2,10,0,3,0,2,0,1,0,1,4,4,1,0,2,19,0,30.39093365,8.703140493,1.224602709,,39,39,52,52,6.698731366,3
54A8,1a19,2,39,3,6,0,15,12,9,36,12,1,1,1,7,19,3,34,0,2,10,0,3,0,2,0,1,0,1,4,4,1,0,2,19,0,30.39093365,8.703140493,1.224602709,,39,39,52,52,6.698731366,
54A8,1a19,2,39,3,6,0,15,12,9,36,12,1,1,1,7,19,3,34,0,2,10,0,3,0,2,0,1,0,1,4,4,1,0,2,19,0,30.39093365,8.703140493,1.224602709,,39,39,52,52,6.698731366,
54A8,1aey,3,0,0,8,5,23,6,3,7,24,1,5,0,1,14,1,3,4,15,5,4,0,0,4,0,0,0,1,1,1,1,0,1,14,0,20.83241203,7.265879138,1.040469162,,29,29,33,33,5.124385252,
54A8,1aey,3,0,0,8,5,23,6,3,7,24,1,5,0,1,14,1,3,4,15,5,4,0,0,4,0,0,0,1,1,1,1,0,1,14,0,20.83241203,7.265879138,1.040469162,,29,29,33,33,5.124385252,
54A8,1aey,3,0,0,8,5,23,6,3,7,24,1,5,0,1,14,1,3,4,15,5,4,0,0,4,0,0,0,1,1,1,1,0,1,14,0,20.83241203,7.265879138,1.040469162,,29,29,33,33,5.124385252,
54A8,1afi,0,21,0,5,1,19,12,12,14,17,0,3,0,2,21,6,13,3,1,8,8,0,0,0,0,0,1,0,2,3,0,0,3,21,0,24.86456299,6.652148813,1.107827568,0,27,27,42,42,8.636722357,
54A8,1afi,0,21,0,5,1,19,12,12,14,17,0,3,0,2,21,6,13,3,1,8,8,0,0,0,0,0,1,0,2,3,0,0,3,21,0,24.86456299,6.652148813,1.107827568,,27,27,42,42,8.636722357,
54A8,1afi,0,21,0,5,1,19,12,12,14,17,0,3,0,2,21,6,13,3,1,8,8,0,0,0,0,0,1,0,2,3,0,0,3,21,0,24.86456299,6.652148813,1.107827568,,27,27,42,42,8.636722357,
54A8,1aki,17,39,0,11,6,8,26,20,47,13,6,3,4,17,16,6,37,1,6,6,1,1,4,8,2,2,2,2,12,9,5,1,5,16,0,42.21907194,8.392449036,1.41775994,0,63,63,68,68,5.094403278,1.2
54A8,1aki,17,39,0,11,6,8,26,20,47,13,6,3,4,17,16,6,37,1,6,6,1,1,4,8,2,2,2,2,12,9,5,1,5,16,0,42.21907194,8.392449036,1.41775994,,63,63,68,68,5.094403278,
54A8,1aki,17,39,0,11,6,8,26,20,47,13,6,3,4,17,16,6,37,1,6,6,1,1,4,8,2,2,2,2,12,9,5,1,5,16,0,42.21907194,8.392449036,1.41775994,,63,63,68,68,5.094403278,
54A8,1amm,11,5,0,32,14,56,14,13,15,64,4,13,4,9,49,7,4,10,22,31,11,0,1,11,0,4,0,3,8,1,4,0,5,49,0,50.79671238,14.28247646,1.671483443,,85,85,86,86,5.332818108,
54A8,1amm,11,5,0,32,14,56,14,13,15,64,4,13,4,9,49,7,4,10,22,31,11,0,1,11,0,4,0,3,8,1,4,0,5,49,0,50.79671238,14.28247646,1.671483443,,85,85,86,86,5.332818108,
54A8,1amm,11,5,0,32,14,56,14,13,15,64,4,13,4,9,49,7,4,10,22,31,11,0,1,11,0,4,0,3,8,1,4,0,5,49,0,50.79671238,14.28247646,1.671483443,,85,85,86,86,5.332818108,
54A8,1bta,3,37,0,8,0,16,13,8,38,9,0,3,0,9,19,4,33,2,4,3,2,4,0,4,0,0,1,1,5,2,0,0,2,19,0,33.59093236,8.487187441,1.197632077,,32,32,52,52,8.708464613,3.3
54A8,1bta,3,37,0,8,0,16,13,8,38,9,0,3,0,9,19,4,33,2,4,3,2,4,0,4,0,0,1,1,5,2,0,0,2,19,0,33.59093236,8.487187441,1.197632077,,32,32,52,52,8.708464613,
54A8,1bta,3,37,0,8,0,16,13,8,38,9,0,3,0,9,19,4,33,2,4,3,2,4,0,4,0,0,1,1,5,2,0,0,2,19,0,33.59093236,8.487187441,1.197632077,,32,32,52,52,8.708464613,
54A8,1d3z,6,12,0,3,2,23,12,9,16,28,1,4,1,8,6,3,11,1,5,21,2,0,2,5,0,1,0,3,6,5,1,0,1,6,0,34.385709,5.556862066,1.213298919,0,40,40,42,42,4.522680039,0.9
54A8,1d3z,6,12,0,3,2,23,12,9,16,28,1,4,1,8,6,3,11,1,5,21,2,0,2,5,0,1,0,3,6,5,1,0,1,6,0,34.385709,5.556862066,1.213298919,,40,40,42,42,4.522680039,
54A8,1d3z,6,12,0,3,2,23,12,9,16,28,1,4,1,8,6,3,11,1,5,21,2,0,2,5,0,1,0,3,6,5,1,0,1,6,0,34.385709,5.556862066,1.213298919,,40,40,42,42,4.522680039,
54A8,1e8l,3,38,0,19,2,6,31,20,43,8,3,2,1,11,38,9,33,0,7,1,0,0,1,10,0,1,0,2,10,6,3,0,5,38,0,46.60262587,9.5933971,1.423474855,0,42,42,54,54,6.58380642,1.9
54A8,1e8l,3,38,0,19,2,6,31,20,43,8,3,2,1,11,38,9,33,0,7,1,0,0,1,10,0,1,0,2,10,6,3,0,5,38,0,46.60262587,9.5933971,1.423474855,,42,42,54,54,6.58380642,
54A8,1e8l,3,38,0,19,2,6,31,20,43,8,3,2,1,11,38,9,33,0,7,1,0,0,1,10,0,1,0,2,10,6,3,0,5,38,0,46.60262587,9.5933971,1.423474855,,42,42,54,54,6.58380642,
54A8,1ew4,0,33,0,8,1,33,14,7,35,32,0,4,2,10,13,4,31,3,6,26,0,0,2,4,0,2,0,1,8,3,0,0,0,13,0,41.07042845,6.684321702,1.336427345,,61,61,62,62,4.866179487,
54A8,1ew4,0,33,0,8,1,33,14,7,35,32,0,4,2,10,13,4,31,3,6,26,0,0,2,4,0,2,0,1,8,3,0,0,0,13,0,41.07042845,6.684321702,1.336427345,,61,61,62,62,4.866179487,
54A8,1ew4,0,33,0,8,1,33,14,7,35,32,0,4,2,10,13,4,31,3,6,26,0,0,2,4,0,2,0,1,8,3,0,0,0,13,0,41.07042845,6.684321702,1.336427345,,61,61,62,62,4.866179487,
54A8,1faz,12,70,0,5,0,0,14,23,67,3,0,1,1,6,18,11,65,0,2,0,1,2,0,2,1,0,0,1,4,6,0,0,6,18,0,37.2252421,15.56683954,1.436827379,,74,74,81,81,5.634419342,
54A8,1faz,12,70,0,5,0,0,14,23,67,3,0,1,1,6,18,11,65,0,2,0,1,2,0,2,1,0,0,1,4,6,0,0,6,18,0,37.2252421,15.56683954,1.436827379,,74,74,81,81,5.634419342,
54A8,1faz,12,70,0,5,0,0,14,23,67,3,0,1,1,6,18,11,65,0,2,0,1,2,0,2,1,0,0,1,4,6,0,0,6,18,0,37.2252421,15.56683954,1.436827379,,74,74,81,81,5.634419342,
54A8,1fl0,11,4,0,18,4,57,27,20,11,60,6,16,2,12,34,10,4,4,34,22,4,2,4,7,0,2,0,12,6,7,4,2,3,34,0,51.96481746,10.73492958,1.52720675,,71,71,73,73,13400.7527,
54A8,1fl0,11,4,0,18,4,57,27,20,11,60,6,16,2,12,34,10,4,4,34,22,4,2,4,7,0,2,0,12,6,7,4,2,3,34,0,51.96481746,10.73492958,1.52720675,,71,71,73,73,13400.7527,
54A8,1fl0,11,4,0,18,4,57,27,20,11,60,6,16,2,12,34,10,4,4,34,22,4,2,4,7,0,2,0,12,6,7,4,2,3,34,0,51.96481746,10.73492958,1.52720675,,71,71,73,73,13400.7527,
54A8,1it5,14,70,0,4,0,0,13,23,66,3,0,1,1,6,19,12,64,0,2,0,1,2,0,2,1,0,0,1,4,6,0,0,5,19,0,36.79591125,15.22803653,1.438588385,,72,72,80,80,5.443677063,
54A8,1it5,14,70,0,4,0,0,13,23,66,3,0,1,1,6,19,12,64,0,2,0,1,2,0,2,1,0,0,1,4,6,0,0,5,19,0,36.79591125,15.22803653,1.438588385,,72,72,80,80,5.443677063,
54A8,1it5,14,70,0,4,0,0,13,23,66,3,0,1,1,6,19,12,64,0,2,0,1,2,0,2,1,0,0,1,4,6,0,0,5,19,0,36.79591125,15.22803653,1.438588385,,72,72,80,80,5.443677063,
54A8,1mjc,3,0,0,5,4,28,11,6,4,30,1,5,1,7,12,3,1,2,12,12,6,1,0,3,0,1,0,3,6,2,1,0,1,12,0,26.22662308,7.587396393,1.094653991,,36,36,36,36,9.411776771,
54A8,1mjc,3,0,0,5,4,28,11,6,4,30,1,5,1,7,12,3,1,2,12,12,6,1,0,3,0,1,0,3,6,2,1,0,1,12,0,26.22662308,7.587396393,1.094653991,,36,36,36,36,9.411776771,
54A8,1mjc,3,0,0,5,4,28,11,6,4,30,1,5,1,7,12,3,1,2,12,12,6,1,0,3,0,1,0,3,6,2,1,0,1,12,0,26.22662308,7.587396393,1.094653991,,36,36,36,36,9.411776771,
54A8,1mvg,1,15,0,12,0,74,9,4,15,62,1,5,2,3,30,2,12,2,14,30,18,0,0,3,2,0,0,3,3,1,1,0,1,30,0,43.12291307,10.01164135,1.419850843,0,65,65,71,71,7.004195546,2
54A8,1mvg,1,15,0,12,0,74,9,4,15,62,1,5,2,3,30,2,12,2,14,30,18,0,0,3,2,0,0,3,3,1,1,0,1,30,0,43.12291307,10.01164135,1.419850843,,65,65,71,71,7.004195546,
54A8,1mvg,1,15,0,12,0,74,9,4,15,62,1,5,2,3,30,2,12,2,14,30,18,0,0,3,2,0,0,3,3,1,1,0,1,30,0,43.12291307,10.01164135,1.419850843,,65,65,71,71,7.004195546,
54A8,1ng6,6,109,0,5,0,0,11,11,107,6,2,3,0,7,9,7,101,1,5,0,1,1,0,6,0,0,0,2,6,3,1,1,1,9,0,54.80230542,14.05435165,1.785104204,,109,109,113,113,4.977197382,
54A8,1ng6,6,109,0,5,0,0,11,11,107,6,2,3,0,7,9,7,101,1,5,0,1,1,0,6,0,0,0,2,6,3,1,1,1,9,0,54.80230542,14.05435165,1.785104204,,109,109,113,113,4.977197382,
54A8,1ng6,6,109,0,5,0,0,11,11,107,6,2,3,0,7,9,7,101,1,5,0,1,1,0,6,0,0,0,2,6,3,1,1,1,9,0,54.80230542,14.05435165,1.785104204,,109,109,113,113,4.977197382,
54A8,1pgb,0,14,0,4,0,24,6,4,16,17,0,1,0,4,11,3,12,1,0,12,5,0,1,3,0,0,1,0,3,1,0,0,0,11,0,23.51251383,6.84306753,1.056682854,,35,35,36,36,8.015408897,
54A8,1pgb,0,14,0,4,0,24,6,4,16,17,0,1,0,4,11,3,12,1,0,12,5,0,1,3,0,0,1,0,3,1,0,0,0,11,0,23.51251383,6.84306753,1.056682854,,35,35,36,36,8.015408897,
54A8,1pgb,0,14,0,4,0,24,6,4,16,17,0,1,0,4,11,3,12,1,0,12,5,0,1,3,0,0,1,0,3,1,0,0,0,11,0,23.51251383,6.84306753,1.056682854,,35,35,36,36,8.015408897,
54A8,1qk8,12,39,0,8,2,30,27,23,47,27,5,7,1,9,21,6,41,4,9,15,3,0,1,6,1,0,0,3,8,10,2,3,7,21,0,47.75413867,8.316227222,1.401819721,,77,77,82,82,111514.3282,
54A8,1qk8,12,39,0,8,2,30,27,23,47,27,5,7,1,9,21,6,41,4,9,15,3,0,1,6,1,0,0,3,8,10,2,3,7,21,0,47.75413867,8.316227222,1.401819721,,77,77,82,82,111514.3282,
54A8,1qk8,12,39,0,8,2,30,27,23,47,27,5,7,1,9,21,6,41,4,9,15,3,0,1,6,1,0,0,3,8,10,2,3,7,21,0,47.75413867,8.316227222,1.401819721,,77,77,82,82,111514.3282,
54A8,1qqv,5,25,0,13,0,0,6,8,24,6,1,2,0,2,21,5,22,0,4,1,1,0,0,2,0,0,0,2,2,1,1,0,2,21,0,28.38404937,7.885210327,1.170023541,0,15,15,21,21,6.481954493,1.9
54A8,1qqv,5,25,0,13,0,0,6,8,24,6,1,2,0,2,21,5,22,0,4,1,1,0,0,2,0,0,0,2,2,1,1,0,2,21,0,28.38404937,7.885210327,1.170023541,,15,15,21,21,6.481954493,
54A8,1qqv,5,25,0,13,0,0,6,8,24,6,1,2,0,2,21,5,22,0,4,1,1,0,0,2,0,0,0,2,2,1,1,0,2,21,0,28.38404937,7.885210327,1.170023541,,15,15,21,21,6.481954493,
54A8,1shg,3,0,0,5,5,23,6,4,6,27,2,4,0,1,10,3,1,4,11,16,0,0,0,5,0,0,0,0,1,0,1,1,1,10,0,22.98588303,5.887721627,1.048171361,,29,29,29,29,6.508902623,
54A8,1shg,3,0,0,5,5,23,6,4,6,27,2,4,0,1,10,3,1,4,11,16,0,0,0,5,0,0,0,0,1,0,1,1,1,10,0,22.98588303,5.887721627,1.048171361,,29,29,29,29,6.508902623,
54A8,1shg,3,0,0,5,5,23,6,4,6,27,2,4,0,1,10,3,1,4,11,16,0,0,0,5,0,0,0,0,1,0,1,1,1,10,0,22.98588303,5.887721627,1.048171361,,29,29,29,29,6.508902623,
54A8,1t2i,3,11,0,13,0,21,18,12,15,26,5,5,2,5,23,3,10,1,12,14,0,1,0,5,1,1,0,4,4,3,4,1,6,23,0,30.88623808,10.77488512,1.256005553,,41,41,43,43,5.398426742,
54A8,1t2i,3,11,0,13,0,21,18,12,15,26,5,5,2,5,23,3,10,1,12,14,0,1,0,5,1,1,0,4,4,3,4,1,6,23,0,30.88623808,10.77488512,1.256005553,,41,41,43,43,5.398426742,
54A8,1t2i,3,11,0,13,0,21,18,12,15,26,5,5,2,5,23,3,10,1,12,14,0,1,0,5,1,1,0,4,4,3,4,1,6,23,0,30.88623808,10.77488512,1.256005553,,41,41,43,43,5.398426742,
54A8,1tua,14,101,0,6,0,34,16,18,100,33,3,4,3,10,15,7,90,0,8,25,0,0,2,10,1,2,0,4,8,6,3,0,5,15,0,64.55104474,19.19997129,1.898750458,,128,128,135,135,4.157174958,
54A8,1tua,14,101,0,6,0,34,16,18,100,33,3,4,3,10,15,7,90,0,8,25,0,0,2,10,1,2,0,4,8,6,3,0,5,15,0,64.55104474,19.19997129,1.898750458,,128,128,135,135,4.157174958,
54A8,1tua,14,101,0,6,0,34,16,18,100,33,3,4,3,10,15,7,90,0,8,25,0,0,2,10,1,2,0,4,8,6,3,0,5,15,0,64.55104474,19.19997129,1.898750458,,128,128,135,135,4.157174958,
54A8,1tvq,0,14,0,3,1,71,18,7,16,71,1,4,4,11,8,2,12,3,14,55,2,0,7,4,2,2,0,1,4,4,1,0,1,8,0,42.83258615,8.716400431,1.406393485,0,77,77,80,80,6.766215901,2.3
54A8,1tvq,0,14,0,3,1,71,18,7,16,71,1,4,4,11,8,2,12,3,14,55,2,0,7,4,2,2,0,1,4,4,1,0,1,8,0,42.83258615,8.716400431,1.406393485,,77,77,80,80,6.766215901,
54A8,1tvq,0,14,0,3,1,71,18,7,16,71,1,4,4,11,8,2,12,3,14,55,2,0,7,4,2,2,0,1,4,4,1,0,1,8,0,42.83258615,8.716400431,1.406393485,,77,77,80,80,6.766215901,
54A8,1ubi,6,12,0,3,2,23,12,6,17,23,1,4,1,9,12,2,14,1,5,18,0,1,2,3,0,1,0,3,6,3,1,0,1,12,0,33.54912273,5.501127627,1.19046661,0,39,39,43,43,4.692266815,0.9
54A8,1ubi,6,12,0,3,2,23,12,6,17,23,1,4,1,9,12,2,14,1,5,18,0,1,2,3,0,1,0,3,6,3,1,0,1,12,0,33.54912273,5.501127627,1.19046661,,39,39,43,43,4.692266815,
54A8,1ubi,6,12,0,3,2,23,12,6,17,23,1,4,1,9,12,2,14,1,5,18,0,1,2,3,0,1,0,3,6,3,1,0,1,12,0,33.54912273,5.501127627,1.19046661,,39,39,43,43,4.692266815,
54A8,1ucs,9,4,0,7,6,10,8,7,6,20,5,8,0,4,11,4,3,0,18,1,1,0,0,3,0,0,0,8,4,2,4,1,1,11,0,21.18294963,8.580726611,1.069329607,,29,29,32,32,7.223525353,
54A8,1ucs,9,4,0,7,6,10,8,7,6,20,5,8,0,4,11,4,3,0,18,1,1,0,0,3,0,0,0,8,4,2,4,1,1,11,0,21.18294963,8.580726611,1.069329607,,29,29,32,32,7.223525353,
54A8,1ucs,9,4,0,7,6,10,8,7,6,20,5,8,0,4,11,4,3,0,18,1,1,0,0,3,0,0,0,8,4,2,4,1,1,11,0,21.18294963,8.580726611,1.069329607,,29,29,32,32,7.223525353,
54A8,1ulr,1,24,0,8,0,33,5,4,25,24,0,1,0,8,22,1,21,1,6,17,1,1,1,4,0,0,0,0,6,2,0,0,1,22,0,28.50866823,9.032452553,1.207204774,,52,52,53,53,6.685873822,
54A8,1ulr,1,24,0,8,0,33,5,4,25,24,0,1,0,8,22,1,21,1,6,17,1,1,1,4,0,0,0,0,6,2,0,0,1,22,0,28.50866823,9.032452553,1.207204774,,52,52,53,53,6.685873822,
54A8,1ulr,1,24,0,8,0,33,5,4,25,24,0,1,0,8,22,1,21,1,6,17,1,1,1,4,0,0,0,0,6,2,0,0,1,22,0,28.50866823,9.032452553,1.207204774,,52,52,53,53,6.685873822,
54A8,1uxz,3,0,0,13,4,70,10,7,7,65,5,10,1,8,25,3,0,5,19,34,12,0,1,7,0,1,0,5,7,2,4,1,2,25,0,36.19917837,9.865697184,1.368042533,,70,70,70,70,188390.5919,
54A8,1uxz,3,0,0,13,4,70,10,7,7,65,5,10,1,8,25,3,0,5,19,34,12,0,1,7,0,1,0,5,7,2,4,1,2,25,0,36.19917837,9.865697184,1.368042533,,70,70,70,70,188390.5919,
54A8,1uxz,3,0,0,13,4,70,10,7,7,65,5,10,1,8,25,3,0,5,19,34,12,0,1,7,0,1,0,5,7,2,4,1,2,25,0,36.19917837,9.865697184,1.368042533,,70,70,70,70,188390.5919,
54A8,1yu5,7,30,0,8,0,0,5,9,32,7,1,3,0,2,10,3,25,0,6,0,1,0,0,7,0,0,0,3,2,5,0,1,1,10,0,26.20579563,8.758809095,1.175759795,,28,28,33,33,4.708706058,1.3
54A8,1yu5,7,30,0,8,0,0,5,9,32,7,1,3,0,2,10,3,25,0,6,0,1,0,0,7,0,0,0,3,2,5,0,1,1,10,0,26.20579563,8.758809095,1.175759795,,28,28,33,33,4.708706058,
54A8,1yu5,7,30,0,8,0,0,5,9,32,7,1,3,0,2,10,3,25,0,6,0,1,0,0,7,0,0,0,3,2,5,0,1,1,10,0,26.20579563,8.758809095,1.175759795,,28,28,33,33,4.708706058,
54A8,1zlm,3,0,0,7,5,23,6,4,6,27,3,3,1,2,9,1,1,2,12,10,5,0,0,5,0,1,0,1,2,2,1,2,1,9,0,25.579971,6.861625378,1.045279965,,30,30,30,30,4.401741511,
54A8,1zlm,3,0,0,7,5,23,6,4,6,27,3,3,1,2,9,1,1,2,12,10,5,0,0,5,0,1,0,1,2,2,1,2,1,9,0,25.579971,6.861625378,1.045279965,,30,30,30,30,4.401741511,
54A8,1zlm,3,0,0,7,5,23,6,4,6,27,3,3,1,2,9,1,1,2,12,10,5,0,0,5,0,1,0,1,2,2,1,2,1,9,0,25.579971,6.861625378,1.045279965,,30,30,30,30,4.401741511,
54A8,1zvg,1,10,0,12,2,18,7,4,11,23,0,4,0,6,15,1,9,2,14,6,3,0,2,2,0,0,0,2,4,3,0,0,0,15,0,23.83265212,8.128590573,1.115814167,,28,28,28,28,4.308029271,
54A8,1zvg,1,10,0,12,2,18,7,4,11,23,0,4,0,6,15,1,9,2,14,6,3,0,2,2,0,0,0,2,4,3,0,0,0,15,0,23.83265212,8.128590573,1.115814167,,28,28,28,28,4.308029271,
54A8,1zvg,1,10,0,12,2,18,7,4,11,23,0,4,0,6,15,1,9,2,14,6,3,0,2,2,0,0,0,2,4,3,0,0,0,15,0,23.83265212,8.128590573,1.115814167,,28,28,28,28,4.308029271,
54A8,2af8,0,43,0,10,0,0,8,7,40,1,1,1,0,1,32,5,35,1,0,0,1,1,0,4,0,0,1,0,0,1,0,1,1,32,0,32.69959757,14.78905886,1.292748093,,27,27,44,44,7.381471197,
54A8,2af8,0,43,0,10,0,0,8,7,40,1,1,1,0,1,32,5,35,1,0,0,1,1,0,4,0,0,1,0,0,1,0,1,1,32,0,32.69959757,14.78905886,1.292748093,,27,27,44,44,7.381471197,
54A8,2af8,0,43,0,10,0,0,8,7,40,1,1,1,0,1,32,5,35,1,0,0,1,1,0,4,0,0,1,0,0,1,0,1,1,32,0,32.69959757,14.78905886,1.292748093,,27,27,44,44,7.381471197,
54A8,2cwr,0,0,0,12,1,59,8,1,2,49,4,7,1,5,25,0,0,3,6,36,7,1,3,2,0,1,0,4,1,0,2,2,1,25,0,32.44740306,9.271883219,1.298606631,0,50,50,50,50,7.507082744,
54A8,2cwr,0,0,0,12,1,59,8,1,2,49,4,7,1,5,25,0,0,3,6,36,7,1,3,2,0,1,0,4,1,0,2,2,1,25,0,32.44740306,9.271883219,1.298606631,,50,50,50,50,7.507082744,
54A8,2cwr,0,0,0,12,1,59,8,1,2,49,4,7,1,5,25,0,0,3,6,36,7,1,3,2,0,1,0,4,1,0,2,2,1,25,0,32.44740306,9.271883219,1.298606631,,50,50,50,50,7.507082744,
54A8,2czn,0,0,0,20,1,52,4,3,1,48,0,5,1,5,37,1,0,4,14,26,8,1,2,1,0,1,0,1,2,2,0,0,0,37,0,34.36875024,10.1693967,1.300345134,0,37,37,50,50,9.200272285,
54A8,2czn,0,0,0,20,1,52,4,3,1,48,0,5,1,5,37,1,0,4,14,26,8,1,2,1,0,1,0,1,2,2,0,0,0,37,0,34.36875024,10.1693967,1.300345134,,37,37,50,50,9.200272285,
54A8,2czn,0,0,0,20,1,52,4,3,1,48,0,5,1,5,37,1,0,4,14,26,8,1,2,1,0,1,0,1,2,2,0,0,0,37,0,34.36875024,10.1693967,1.300345134,,37,37,50,50,9.200272285,
54A8,2gb1,1,13,0,5,0,22,6,5,15,16,0,2,0,4,11,1,12,2,3,10,3,1,0,3,0,0,0,0,3,3,0,0,1,11,0,24.30801814,7.187070033,1.057237018,,25,25,29,29,7.209426957,
54A8,2gb1,1,13,0,5,0,22,6,5,15,16,0,2,0,4,11,1,12,2,3,10,3,1,0,3,0,0,0,0,3,3,0,0,1,11,0,24.30801814,7.187070033,1.057237018,,25,25,29,29,7.209426957,
54A8,2gb1,1,13,0,5,0,22,6,5,15,16,0,2,0,4,11,1,12,2,3,10,3,1,0,3,0,0,0,0,3,3,0,0,1,11,0,24.30801814,7.187070033,1.057237018,,25,25,29,29,7.209426957,
54A8,2gkt,0,10,0,5,1,7,7,6,13,13,0,3,1,3,9,2,9,3,9,3,1,0,1,4,0,1,0,0,2,1,0,0,3,9,0,21.43900464,7.648263993,1.014354842,,22,22,22,22,6.223846287,
54A8,2gkt,0,10,0,5,1,7,7,6,13,13,0,3,1,3,9,2,9,3,9,3,1,0,1,4,0,1,0,0,2,1,0,0,3,9,0,21.43900464,7.648263993,1.014354842,,22,22,22,22,6.223846287,
54A8,2gkt,0,10,0,5,1,7,7,6,13,13,0,3,1,3,9,2,9,3,9,3,1,0,1,4,0,1,0,0,2,1,0,0,3,9,0,21.43900464,7.648263993,1.014354842,,22,22,22,22,6.223846287,
54A8,2j8b,6,8,0,6,0,25,9,7,13,30,3,5,1,3,13,3,7,3,10,14,6,0,2,6,1,0,0,2,1,2,1,2,2,13,0,28.24630064,9.920148264,1.168904601,,35,35,36,36,64563.22979,
54A8,2j8b,6,8,0,6,0,25,9,7,13,30,3,5,1,3,13,3,7,3,10,14,6,0,2,6,1,0,0,2,1,2,1,2,2,13,0,28.24630064,9.920148264,1.168904601,,35,35,36,36,64563.22979,
54A8,2j8b,6,8,0,6,0,25,9,7,13,30,3,5,1,3,13,3,7,3,10,14,6,0,2,6,1,0,0,2,1,2,1,2,2,13,0,28.24630064,9.920148264,1.168904601,,35,35,36,36,64563.22979,
54A8,2nls,0,7,0,2,1,10,7,3,7,7,0,5,2,1,8,1,5,2,3,3,1,0,0,2,0,2,0,3,1,1,0,0,1,8,0,14.20934688,9.232594015,0.975620046,,16,16,16,16,4.460856376,
54A8,2nls,0,7,0,2,1,10,7,3,7,7,0,5,2,1,8,1,5,2,3,3,1,0,0,2,0,2,0,3,1,1,0,0,1,8,0,14.20934688,9.232594015,0.975620046,,16,16,16,16,4.460856376,
54A8,2nls,0,7,0,2,1,10,7,3,7,7,0,5,2,1,8,1,5,2,3,3,1,0,0,2,0,2,0,3,1,1,0,0,1,8,0,14.20934688,9.232594015,0.975620046,,16,16,16,16,4.460856376,
54A8,2ovn,0,13,0,1,0,0,0,2,9,0,0,0,1,1,1,1,9,0,0,0,0,0,1,0,1,0,0,0,0,0,0,0,1,1,0,8.952526636,5.580845933,0.81106272,0,7,7,8,8,1.932108967,2.4
54A8,2ovn,0,13,0,1,0,0,0,2,9,0,0,0,1,1,1,1,9,0,0,0,0,0,1,0,1,0,0,0,0,0,0,0,1,1,0,8.952526636,5.580845933,0.81106272,,7,7,8,8,1.932108967,
54A8,2ovn,0,13,0,1,0,0,0,2,9,0,0,0,1,1,1,1,9,0,0,0,0,0,1,0,1,0,0,0,0,0,0,0,1,1,0,8.952526636,5.580845933,0.81106272,,7,7,8,8,1.932108967,
54A8,2pnd,6,0,0,8,3,58,15,7,4,67,4,7,0,7,20,3,1,6,22,41,4,0,3,3,0,0,0,1,4,2,4,0,2,20,0,49.38260683,6.926478504,1.505581245,,61,61,61,61,4.329179309,
54A8,2pnd,6,0,0,8,3,58,15,7,4,67,4,7,0,7,20,3,1,6,22,41,4,0,3,3,0,0,0,1,4,2,4,0,2,20,0,49.38260683,6.926478504,1.505581245,,61,61,61,61,4.329179309,
54A8,2pnd,6,0,0,8,3,58,15,7,4,67,4,7,0,7,20,3,1,6,22,41,4,0,3,3,0,0,0,1,4,2,4,0,2,20,0,49.38260683,6.926478504,1.505581245,,61,61,61,61,4.329179309,
54A8,2pne,0,0,0,9,0,0,6,1,0,6,2,52,0,3,14,0,0,0,6,0,0,0,1,0,0,0,0,52,2,0,2,0,1,14,0,22.76513064,10.80595457,1.318092793,,38,38,38,38,13.62569767,
54A8,2pne,0,0,0,9,0,0,6,1,0,6,2,52,0,3,14,0,0,0,6,0,0,0,1,0,0,0,0,52,2,0,2,0,1,14,0,22.76513064,10.80595457,1.318092793,,38,38,38,38,13.62569767,
54A8,2pne,0,0,0,9,0,0,6,1,0,6,2,52,0,3,14,0,0,0,6,0,0,0,1,0,0,0,0,52,2,0,2,0,1,14,0,22.76513064,10.80595457,1.318092793,,38,38,38,38,13.62569767,
54A8,2ppo,4,8,0,7,4,36,23,4,16,43,5,7,0,8,21,2,11,3,15,26,2,0,0,5,0,0,0,4,8,2,5,0,0,21,0,39.74061372,7.37858717,1.324824968,,62,62,63,63,7.116574596,
54A8,2ppo,4,8,0,7,4,36,23,4,16,43,5,7,0,8,21,2,11,3,15,26,2,0,0,5,0,0,0,4,8,2,5,0,0,21,0,39.74061372,7.37858717,1.324824968,,62,62,63,63,7.116574596,
54A8,2ppo,4,8,0,7,4,36,23,4,16,43,5,7,0,8,21,2,11,3,15,26,2,0,0,5,0,0,0,4,8,2,5,0,0,21,0,39.74061372,7.37858717,1.324824968,,62,62,63,63,7.116574596,
54A8,2pth,13,74,0,10,0,41,23,26,72,42,2,6,4,10,28,9,65,4,17,23,2,0,5,7,1,3,0,2,5,9,2,0,8,28,0,53.20084757,14.59938325,1.590379455,,117,117,122,122,6.986680865,
54A8,2pth,13,74,0,10,0,41,23,26,72,42,2,6,4,10,28,9,65,4,17,23,2,0,5,7,1,3,0,2,5,9,2,0,8,28,0,53.20084757,14.59938325,1.590379455,,117,117,122,122,6.986680865,
54A8,2pth,13,74,0,10,0,41,23,26,72,42,2,6,4,10,28,9,65,4,17,23,2,0,5,7,1,3,0,2,5,9,2,0,8,28,0,53.20084757,14.59938325,1.590379455,,117,117,122,122,6.986680865,
54A8,2rb8,0,0,0,7,2,43,10,5,3,47,2,12,1,4,16,2,0,6,12,31,4,0,1,3,0,1,0,6,3,2,1,1,1,16,0,33.63530621,9.619144005,1.342380924,,42,42,42,42,335389.9205,
54A8,2rb8,0,0,0,7,2,43,10,5,3,47,2,12,1,4,16,2,0,6,12,31,4,0,1,3,0,1,0,6,3,2,1,1,1,16,0,33.63530621,9.619144005,1.342380924,,42,42,42,42,335389.9205,
54A8,2rb8,0,0,0,7,2,43,10,5,3,47,2,12,1,4,16,2,0,6,12,31,4,0,1,3,0,1,0,6,3,2,1,1,1,16,0,33.63530621,9.619144005,1.342380924,,42,42,42,42,335389.9205,
54A8,2wlw,5,20,0,16,8,44,26,16,23,45,5,15,1,10,46,5,17,10,17,24,4,2,1,6,0,1,0,5,7,6,5,0,5,46,0,48.68399452,10.06481117,1.457263037,,83,83,90,90,348082.2367,
54A8,2wlw,5,20,0,16,8,44,26,16,23,45,5,15,1,10,46,5,17,10,17,24,4,2,1,6,0,1,0,5,7,6,5,0,5,46,0,48.68399452,10.06481117,1.457263037,,83,83,90,90,348082.2367,
54A8,2wlw,5,20,0,16,8,44,26,16,23,45,5,15,1,10,46,5,17,10,17,24,4,2,1,6,0,1,0,5,7,6,5,0,5,46,0,48.68399452,10.06481117,1.457263037,,83,83,90,90,348082.2367,
54A8,2yxf,0,0,0,9,1,48,12,7,8,57,1,5,1,3,14,4,0,0,14,37,6,0,3,8,0,1,0,5,0,1,0,1,2,14,0,40.28407942,11.56991304,1.450803982,,45,45,45,45,134673.6334,
54A8,2yxf,0,0,0,9,1,48,12,7,8,57,1,5,1,3,14,4,0,0,14,37,6,0,3,8,0,1,0,5,0,1,0,1,2,14,0,40.28407942,11.56991304,1.450803982,,45,45,45,45,134673.6334,
54A8,2yxf,0,0,0,9,1,48,12,7,8,57,1,5,1,3,14,4,0,0,14,37,6,0,3,8,0,1,0,5,0,1,0,1,2,14,0,40.28407942,11.56991304,1.450803982,,45,45,45,45,134673.6334,
54A8,3ca7,0,6,0,3,1,18,9,4,5,21,2,5,2,5,3,0,4,1,10,9,2,0,2,1,0,2,0,4,3,2,1,1,2,3,0,19.33527329,13.87632499,1.168835919,,20,20,20,20,720305.4275,
54A8,3ca7,0,6,0,3,1,18,9,4,5,21,2,5,2,5,3,0,4,1,10,9,2,0,2,1,0,2,0,4,3,2,1,1,2,3,0,19.33527329,13.87632499,1.168835919,,20,20,20,20,720305.4275,
54A8,3ca7,0,6,0,3,1,18,9,4,5,21,2,5,2,5,3,0,4,1,10,9,2,0,2,1,0,2,0,4,3,2,1,1,2,3,0,19.33527329,13.87632499,1.168835919,,20,20,20,20,720305.4275,
54A8,3ci2,0,11,0,5,5,6,12,2,11,5,1,4,0,5,33,1,11,2,4,1,0,4,0,0,0,0,0,2,1,1,1,0,0,33,0,20.56320405,12.1060553,1.071921547,0,26,26,29,29,8.175924696,2.1
54A8,3ci2,0,11,0,5,5,6,12,2,11,5,1,4,0,5,33,1,11,2,4,1,0,4,0,0,0,0,0,2,1,1,1,0,0,33,0,20.56320405,12.1060553,1.071921547,,26,26,29,29,8.175924696,
54A8,3ci2,0,11,0,5,5,6,12,2,11,5,1,4,0,5,33,1,11,2,4,1,0,4,0,0,0,0,0,2,1,1,1,0,0,33,0,20.56320405,12.1060553,1.071921547,,26,26,29,29,8.175924696,
54A8,3e7u,1,9,0,2,2,8,10,3,8,6,2,1,4,2,11,0,8,1,5,0,1,1,1,0,1,3,0,0,0,2,1,1,1,11,0,14.97277531,10.09187286,1.009864879,,20,20,22,22,6.107138074,
54A8,3e7u,1,9,0,2,2,8,10,3,8,6,2,1,4,2,11,0,8,1,5,0,1,1,1,0,1,3,0,0,0,2,1,1,1,11,0,14.97277531,10.09187286,1.009864879,,20,20,22,22,6.107138074,
54A8,3e7u,1,9,0,2,2,8,10,3,8,6,2,1,4,2,11,0,8,1,5,0,1,1,1,0,1,3,0,0,0,2,1,1,1,11,0,14.97277531,10.09187286,1.009864879,,20,20,22,22,6.107138074,
54A8,3eye,8,53,0,8,6,30,19,15,54,38,3,12,1,11,16,6,45,7,15,22,1,1,0,9,1,0,0,5,10,7,2,1,2,16,0,51.16029726,10.32430892,1.494534396,,89,89,93,93,91965.99935,
54A8,3eye,8,53,0,8,6,30,19,15,54,38,3,12,1,11,16,6,45,7,15,22,1,1,0,9,1,0,0,5,10,7,2,1,2,16,0,51.16029726,10.32430892,1.494534396,,89,89,93,93,91965.99935,
54A8,3eye,8,53,0,8,6,30,19,15,54,38,3,12,1,11,16,6,45,7,15,22,1,1,0,9,1,0,0,5,10,7,2,1,2,16,0,51.16029726,10.32430892,1.494534396,,89,89,93,93,91965.99935,
54A8,3wp5,5,18,0,26,2,120,14,14,22,112,3,9,2,9,53,7,12,5,28,64,20,0,4,10,1,1,0,4,5,3,0,3,4,53,0,58.19292924,12.44245023,1.619611044,,123,123,128,128,8.089398687,
54A8,3wp5,5,18,0,26,2,120,14,14,22,112,3,9,2,9,53,7,12,5,28,64,20,0,4,10,1,1,0,4,5,3,0,3,4,53,0,58.19292924,12.44245023,1.619611044,,123,123,128,128,8.089398687,
54A8,3wp5,5,18,0,26,2,120,14,14,22,112,3,9,2,9,53,7,12,5,28,64,20,0,4,10,1,1,0,4,5,3,0,3,4,53,0,58.19292924,12.44245023,1.619611044,,123,123,128,128,8.089398687,
54A8,4lfq,3,12,1,3,0,0,5,4,15,4,0,0,0,2,7,2,11,0,2,2,0,1,0,4,0,0,0,0,1,1,0,0,1,7,0,16.48349143,6.961958133,0.975635253,,17,17,17,17,0.935238861,
54A8,4lfq,3,12,1,3,0,0,5,4,15,4,0,0,0,2,7,2,11,0,2,2,0,1,0,4,0,0,0,0,1,1,0,0,1,7,0,16.48349143,6.961958133,0.975635253,,17,17,17,17,0.935238861,
54A8,4lfq,3,12,1,3,0,0,5,4,15,4,0,0,0,2,7,2,11,0,2,2,0,1,0,4,0,0,0,0,1,1,0,0,1,7,0,16.48349143,6.961958133,0.975635253,,17,17,17,17,0.935238861,
54A8,4mhp,19,106,4,35,9,47,29,28,126,71,7,17,0,18,56,13,105,3,37,32,2,1,4,21,0,0,0,14,13,9,4,3,6,56,0,89.2919867,16.85975611,1.913894628,,168,168,180,180,5.415712914,
54A8,4mhp,19,106,4,35,9,47,29,28,126,71,7,17,0,18,56,13,105,3,37,32,2,1,4,21,0,0,0,14,13,9,4,3,6,56,0,89.2919867,16.85975611,1.913894628,,168,168,180,180,5.415712914,
54A8,4mhp,19,106,4,35,9,47,29,28,126,71,7,17,0,18,56,13,105,3,37,32,2,1,4,21,0,0,0,14,13,9,4,3,6,56,0,89.2919867,16.85975611,1.913894628,,168,168,180,180,5.415712914,
54A8,4rwu,0,50,0,3,0,0,12,10,47,2,1,2,0,3,13,6,41,1,2,0,0,0,0,6,0,0,0,1,3,3,1,0,1,13,0,34.84767336,8.094141801,1.276955753,,48,48,50,50,1651049.021,
54A8,4rwu,0,50,0,3,0,0,12,10,47,2,1,2,0,3,13,6,41,1,2,0,0,0,0,6,0,0,0,1,3,3,1,0,1,13,0,34.84767336,8.094141801,1.276955753,,48,48,50,50,1651049.021,
54A8,4rwu,0,50,0,3,0,0,12,10,47,2,1,2,0,3,13,6,41,1,2,0,0,0,0,6,0,0,0,1,3,3,1,0,1,13,0,34.84767336,8.094141801,1.276955753,,48,48,50,50,1651049.021,